Date,AAPL_Close,MSFT_Close,GOOGL_Close,AMZN_Close,TSLA_Close,BRK-B_Close,NVDA_Close,META_Close,JNJ_Close,V_Close
01-01-2013,100,150,120,180,200,300,250,220,140,160
02-01-2013,100.1,150.1,120.1,180.1,200.1,300.1,250.1,220.1,140.1,160.1
03-01-2013,100.2,150.2,120.2,180.2,200.2,300.2,250.2,220.2,140.2,160.2
04-01-2013,100.3,150.3,120.3,180.3,200.3,300.3,250.3,220.3,140.3,160.3
05-01-2013,100.4,150.4,120.4,180.4,200.4,300.4,250.4,220.4,140.4,160.4
06-01-2013,100.5,150.5,120.5,180.5,200.5,300.5,250.5,220.5,140.5,160.5
07-01-2013,100.6,150.6,120.6,180.6,200.6,300.6,250.6,220.6,140.6,160.6
08-01-2013,100.7,150.7,120.7,180.7,200.7,300.7,250.7,220.7,140.7,160.7
09-01-2013,100.8,150.8,120.8,180.8,200.8,300.8,250.8,220.8,140.8,160.8
10-01-2013,100.9,150.9,120.9,180.9,200.9,300.9,250.9,220.9,140.9,160.9
11-01-2013,101,151,121,181,201,301,251,221,141,161
12-01-2013,101.1,151.1,121.1,181.1,201.1,301.1,251.1,221.1,141.1,161.1
13-01-2013,101.2,151.2,121.2,181.2,201.2,301.2,251.2,221.2,141.2,161.2
14-01-2013,101.3,151.3,121.3,181.3,201.3,301.3,251.3,221.3,141.3,161.3
15-01-2013,101.4,151.4,121.4,181.4,201.4,301.4,251.4,221.4,141.4,161.4
16-01-2013,101.5,151.5,121.5,181.5,201.5,301.5,251.5,221.5,141.5,161.5
17-01-2013,101.6,151.6,121.6,181.6,201.6,301.6,251.6,221.6,141.6,161.6
18-01-2013,101.7,151.7,121.7,181.7,201.7,301.7,251.7,221.7,141.7,161.7
19-01-2013,101.8,151.8,121.8,181.8,201.8,301.8,251.8,221.8,141.8,161.8
20-01-2013,101.9,151.9,121.9,181.9,201.9,301.9,251.9,221.9,141.9,161.9
21-01-2013,102,152,122,182,202,302,252,222,142,162
22-01-2013,102.1,152.1,122.1,182.1,202.1,302.1,252.1,222.1,142.1,162.1
23-01-2013,102.2,152.2,122.2,182.2,202.2,302.2,252.2,222.2,142.2,162.2
24-01-2013,102.3,152.3,122.3,182.3,202.3,302.3,252.3,222.3,142.3,162.3
25-01-2013,102.4,152.4,122.4,182.4,202.4,302.4,252.4,222.4,142.4,162.4
26-01-2013,102.5,152.5,122.5,182.5,202.5,302.5,252.5,222.5,142.5,162.5
27-01-2013,102.6,152.6,122.6,182.6,202.6,302.6,252.6,222.6,142.6,162.6
28-01-2013,102.7,152.7,122.7,182.7,202.7,302.7,252.7,222.7,142.7,162.7
29-01-2013,102.8,152.8,122.8,182.8,202.8,302.8,252.8,222.8,142.8,162.8
30-01-2013,102.9,152.9,122.9,182.9,202.9,302.9,252.9,222.9,142.9,162.9
31-01-2013,103,153,123,183,203,303,253,223,143,163
01-02-2013,103.1,153.1,123.1,183.1,203.1,303.1,253.1,223.1,143.1,163.1
02-02-2013,103.2,153.2,123.2,183.2,203.2,303.2,253.2,223.2,143.2,163.2
03-02-2013,103.3,153.3,123.3,183.3,203.3,303.3,253.3,223.3,143.3,163.3
04-02-2013,103.4,153.4,123.4,183.4,203.4,303.4,253.4,223.4,143.4,163.4
05-02-2013,103.5,153.5,123.5,183.5,203.5,303.5,253.5,223.5,143.5,163.5
06-02-2013,103.6,153.6,123.6,183.6,203.6,303.6,253.6,223.6,143.6,163.6
07-02-2013,103.7,153.7,123.7,183.7,203.7,303.7,253.7,223.7,143.7,163.7
08-02-2013,103.8,153.8,123.8,183.8,203.8,303.8,253.8,223.8,143.8,163.8
09-02-2013,103.9,153.9,123.9,183.9,203.9,303.9,253.9,223.9,143.9,163.9
10-02-2013,104,154,124,184,204,304,254,224,144,164
11-02-2013,104.1,154.1,124.1,184.1,204.1,304.1,254.1,224.1,144.1,164.1
12-02-2013,104.2,154.2,124.2,184.2,204.2,304.2,254.2,224.2,144.2,164.2
13-02-2013,104.3,154.3,124.3,184.3,204.3,304.3,254.3,224.3,144.3,164.3
14-02-2013,104.4,154.4,124.4,184.4,204.4,304.4,254.4,224.4,144.4,164.4
15-02-2013,104.5,154.5,124.5,184.5,204.5,304.5,254.5,224.5,144.5,164.5
16-02-2013,104.6,154.6,124.6,184.6,204.6,304.6,254.6,224.6,144.6,164.6
17-02-2013,104.7,154.7,124.7,184.7,204.7,304.7,254.7,224.7,144.7,164.7
18-02-2013,104.8,154.8,124.8,184.8,204.8,304.8,254.8,224.8,144.8,164.8
19-02-2013,104.9,154.9,124.9,184.9,204.9,304.9,254.9,224.9,144.9,164.9
20-02-2013,105,155,125,185,205,305,255,225,145,165
21-02-2013,105.1,155.1,125.1,185.1,205.1,305.1,255.1,225.1,145.1,165.1
22-02-2013,105.2,155.2,125.2,185.2,205.2,305.2,255.2,225.2,145.2,165.2
23-02-2013,105.3,155.3,125.3,185.3,205.3,305.3,255.3,225.3,145.3,165.3
24-02-2013,105.4,155.4,125.4,185.4,205.4,305.4,255.4,225.4,145.4,165.4
25-02-2013,105.5,155.5,125.5,185.5,205.5,305.5,255.5,225.5,145.5,165.5
26-02-2013,105.6,155.6,125.6,185.6,205.6,305.6,255.6,225.6,145.6,165.6
27-02-2013,105.7,155.7,125.7,185.7,205.7,305.7,255.7,225.7,145.7,165.7
28-02-2013,105.8,155.8,125.8,185.8,205.8,305.8,255.8,225.8,145.8,165.8
01-03-2013,105.9,155.9,125.9,185.9,205.9,305.9,255.9,225.9,145.9,165.9
02-03-2013,106,156,126,186,206,306,256,226,146,166
03-03-2013,106.1,156.1,126.1,186.1,206.1,306.1,256.1,226.1,146.1,166.1
04-03-2013,106.2,156.2,126.2,186.2,206.2,306.2,256.2,226.2,146.2,166.2
05-03-2013,106.3,156.3,126.3,186.3,206.3,306.3,256.3,226.3,146.3,166.3
06-03-2013,106.4,156.4,126.4,186.4,206.4,306.4,256.4,226.4,146.4,166.4
07-03-2013,106.5,156.5,126.5,186.5,206.5,306.5,256.5,226.5,146.5,166.5
08-03-2013,106.6,156.6,126.6,186.6,206.6,306.6,256.6,226.6,146.6,166.6
09-03-2013,106.7,156.7,126.7,186.7,206.7,306.7,256.7,226.7,146.7,166.7
10-03-2013,106.8,156.8,126.8,186.8,206.8,306.8,256.8,226.8,146.8,166.8
11-03-2013,106.9,156.9,126.9,186.9,206.9,306.9,256.9,226.9,146.9,166.9
12-03-2013,107,157,127,187,207,307,257,227,147,167
13-03-2013,107.1,157.1,127.1,187.1,207.1,307.1,257.1,227.1,147.1,167.1
14-03-2013,107.2,157.2,127.2,187.2,207.2,307.2,257.2,227.2,147.2,167.2
15-03-2013,107.3,157.3,127.3,187.3,207.3,307.3,257.3,227.3,147.3,167.3
16-03-2013,107.4,157.4,127.4,187.4,207.4,307.4,257.4,227.4,147.4,167.4
17-03-2013,107.5,157.5,127.5,187.5,207.5,307.5,257.5,227.5,147.5,167.5
18-03-2013,107.6,157.6,127.6,187.6,207.6,307.6,257.6,227.6,147.6,167.6
19-03-2013,107.7,157.7,127.7,187.7,207.7,307.7,257.7,227.7,147.7,167.7
20-03-2013,107.8,157.8,127.8,187.8,207.8,307.8,257.8,227.8,147.8,167.8
21-03-2013,107.9,157.9,127.9,187.9,207.9,307.9,257.9,227.9,147.9,167.9
22-03-2013,108,158,128,188,208,308,258,228,148,168
23-03-2013,108.1,158.1,128.1,188.1,208.1,308.1,258.1,228.1,148.1,168.1
24-03-2013,108.2,158.2,128.2,188.2,208.2,308.2,258.2,228.2,148.2,168.2
25-03-2013,108.3,158.3,128.3,188.3,208.3,308.3,258.3,228.3,148.3,168.3
26-03-2013,108.4,158.4,128.4,188.4,208.4,308.4,258.4,228.4,148.4,168.4
27-03-2013,108.5,158.5,128.5,188.5,208.5,308.5,258.5,228.5,148.5,168.5
28-03-2013,108.6,158.6,128.6,188.6,208.6,308.6,258.6,228.6,148.6,168.6
29-03-2013,108.7,158.7,128.7,188.7,208.7,308.7,258.7,228.7,148.7,168.7
30-03-2013,108.8,158.8,128.8,188.8,208.8,308.8,258.8,228.8,148.8,168.8
31-03-2013,108.9,158.9,128.9,188.9,208.9,308.9,258.9,228.9,148.9,168.9
01-04-2013,109,159,129,189,209,309,259,229,149,169
02-04-2013,109.1,159.1,129.1,189.1,209.1,309.1,259.1,229.1,149.1,169.1
03-04-2013,109.2,159.2,129.2,189.2,209.2,309.2,259.2,229.2,149.2,169.2
04-04-2013,109.3,159.3,129.3,189.3,209.3,309.3,259.3,229.3,149.3,169.3
05-04-2013,109.4,159.4,129.4,189.4,209.4,309.4,259.4,229.4,149.4,169.4
06-04-2013,109.5,159.5,129.5,189.5,209.5,309.5,259.5,229.5,149.5,169.5
07-04-2013,109.6,159.6,129.6,189.6,209.6,309.6,259.6,229.6,149.6,169.6
08-04-2013,109.7,159.7,129.7,189.7,209.7,309.7,259.7,229.7,149.7,169.7
09-04-2013,109.8,159.8,129.8,189.8,209.8,309.8,259.8,229.8,149.8,169.8
10-04-2013,109.9,159.9,129.9,189.9,209.9,309.9,259.9,229.9,149.9,169.9
11-04-2013,110,160,130,190,210,310,260,230,150,170
12-04-2013,110.1,160.1,130.1,190.1,210.1,310.1,260.1,230.1,150.1,170.1
13-04-2013,110.2,160.2,130.2,190.2,210.2,310.2,260.2,230.2,150.2,170.2
14-04-2013,110.3,160.3,130.3,190.3,210.3,310.3,260.3,230.3,150.3,170.3
15-04-2013,110.4,160.4,130.4,190.4,210.4,310.4,260.4,230.4,150.4,170.4
16-04-2013,110.5,160.5,130.5,190.5,210.5,310.5,260.5,230.5,150.5,170.5
17-04-2013,110.6,160.6,130.6,190.6,210.6,310.6,260.6,230.6,150.6,170.6
18-04-2013,110.7,160.7,130.7,190.7,210.7,310.7,260.7,230.7,150.7,170.7
19-04-2013,110.8,160.8,130.8,190.8,210.8,310.8,260.8,230.8,150.8,170.8
20-04-2013,110.9,160.9,130.9,190.9,210.9,310.9,260.9,230.9,150.9,170.9
21-04-2013,111,161,131,191,211,311,261,231,151,171
22-04-2013,111.1,161.1,131.1,191.1,211.1,311.1,261.1,231.1,151.1,171.1
23-04-2013,111.2,161.2,131.2,191.2,211.2,311.2,261.2,231.2,151.2,171.2
24-04-2013,111.3,161.3,131.3,191.3,211.3,311.3,261.3,231.3,151.3,171.3
25-04-2013,111.4,161.4,131.4,191.4,211.4,311.4,261.4,231.4,151.4,171.4
26-04-2013,111.5,161.5,131.5,191.5,211.5,311.5,261.5,231.5,151.5,171.5
27-04-2013,111.6,161.6,131.6,191.6,211.6,311.6,261.6,231.6,151.6,171.6
28-04-2013,111.7,161.7,131.7,191.7,211.7,311.7,261.7,231.7,151.7,171.7
29-04-2013,111.8,161.8,131.8,191.8,211.8,311.8,261.8,231.8,151.8,171.8
30-04-2013,111.9,161.9,131.9,191.9,211.9,311.9,261.9,231.9,151.9,171.9
01-05-2013,112,162,132,192,212,312,262,232,152,172
02-05-2013,112.1,162.1,132.1,192.1,212.1,312.1,262.1,232.1,152.1,172.1
03-05-2013,112.2,162.2,132.2,192.2,212.2,312.2,262.2,232.2,152.2,172.2
04-05-2013,112.3,162.3,132.3,192.3,212.3,312.3,262.3,232.3,152.3,172.3
05-05-2013,112.4,162.4,132.4,192.4,212.4,312.4,262.4,232.4,152.4,172.4
06-05-2013,112.5,162.5,132.5,192.5,212.5,312.5,262.5,232.5,152.5,172.5
07-05-2013,112.6,162.6,132.6,192.6,212.6,312.6,262.6,232.6,152.6,172.6
08-05-2013,112.7,162.7,132.7,192.7,212.7,312.7,262.7,232.7,152.7,172.7
09-05-2013,112.8,162.8,132.8,192.8,212.8,312.8,262.8,232.8,152.8,172.8
10-05-2013,112.9,162.9,132.9,192.9,212.9,312.9,262.9,232.9,152.9,172.9
11-05-2013,113,163,133,193,213,313,263,233,153,173
12-05-2013,113.1,163.1,133.1,193.1,213.1,313.1,263.1,233.1,153.1,173.1
13-05-2013,113.2,163.2,133.2,193.2,213.2,313.2,263.2,233.2,153.2,173.2
14-05-2013,113.3,163.3,133.3,193.3,213.3,313.3,263.3,233.3,153.3,173.3
15-05-2013,113.4,163.4,133.4,193.4,213.4,313.4,263.4,233.4,153.4,173.4
16-05-2013,113.5,163.5,133.5,193.5,213.5,313.5,263.5,233.5,153.5,173.5
17-05-2013,113.6,163.6,133.6,193.6,213.6,313.6,263.6,233.6,153.6,173.6
18-05-2013,113.7,163.7,133.7,193.7,213.7,313.7,263.7,233.7,153.7,173.7
19-05-2013,113.8,163.8,133.8,193.8,213.8,313.8,263.8,233.8,153.8,173.8
20-05-2013,113.9,163.9,133.9,193.9,213.9,313.9,263.9,233.9,153.9,173.9
21-05-2013,114,164,134,194,214,314,264,234,154,174
22-05-2013,114.1,164.1,134.1,194.1,214.1,314.1,264.1,234.1,154.1,174.1
23-05-2013,114.2,164.2,134.2,194.2,214.2,314.2,264.2,234.2,154.2,174.2
24-05-2013,114.3,164.3,134.3,194.3,214.3,314.3,264.3,234.3,154.3,174.3
25-05-2013,114.4,164.4,134.4,194.4,214.4,314.4,264.4,234.4,154.4,174.4
26-05-2013,114.5,164.5,134.5,194.5,214.5,314.5,264.5,234.5,154.5,174.5
27-05-2013,114.6,164.6,134.6,194.6,214.6,314.6,264.6,234.6,154.6,174.6
28-05-2013,114.7,164.7,134.7,194.7,214.7,314.7,264.7,234.7,154.7,174.7
29-05-2013,114.8,164.8,134.8,194.8,214.8,314.8,264.8,234.8,154.8,174.8
30-05-2013,114.9,164.9,134.9,194.9,214.9,314.9,264.9,234.9,154.9,174.9
31-05-2013,115,165,135,195,215,315,265,235,155,175
01-06-2013,115.1,165.1,135.1,195.1,215.1,315.1,265.1,235.1,155.1,175.1
02-06-2013,115.2,165.2,135.2,195.2,215.2,315.2,265.2,235.2,155.2,175.2
03-06-2013,115.3,165.3,135.3,195.3,215.3,315.3,265.3,235.3,155.3,175.3
04-06-2013,115.4,165.4,135.4,195.4,215.4,315.4,265.4,235.4,155.4,175.4
05-06-2013,115.5,165.5,135.5,195.5,215.5,315.5,265.5,235.5,155.5,175.5
06-06-2013,115.6,165.6,135.6,195.6,215.6,315.6,265.6,235.6,155.6,175.6
07-06-2013,115.7,165.7,135.7,195.7,215.7,315.7,265.7,235.7,155.7,175.7
08-06-2013,115.8,165.8,135.8,195.8,215.8,315.8,265.8,235.8,155.8,175.8
09-06-2013,115.9,165.9,135.9,195.9,215.9,315.9,265.9,235.9,155.9,175.9
10-06-2013,116,166,136,196,216,316,266,236,156,176
11-06-2013,116.1,166.1,136.1,196.1,216.1,316.1,266.1,236.1,156.1,176.1
12-06-2013,116.2,166.2,136.2,196.2,216.2,316.2,266.2,236.2,156.2,176.2
13-06-2013,116.3,166.3,136.3,196.3,216.3,316.3,266.3,236.3,156.3,176.3
14-06-2013,116.4,166.4,136.4,196.4,216.4,316.4,266.4,236.4,156.4,176.4
15-06-2013,116.5,166.5,136.5,196.5,216.5,316.5,266.5,236.5,156.5,176.5
16-06-2013,116.6,166.6,136.6,196.6,216.6,316.6,266.6,236.6,156.6,176.6
17-06-2013,116.7,166.7,136.7,196.7,216.7,316.7,266.7,236.7,156.7,176.7
18-06-2013,116.8,166.8,136.8,196.8,216.8,316.8,266.8,236.8,156.8,176.8
19-06-2013,116.9,166.9,136.9,196.9,216.9,316.9,266.9,236.9,156.9,176.9
20-06-2013,117,167,137,197,217,317,267,237,157,177
21-06-2013,117.1,167.1,137.1,197.1,217.1,317.1,267.1,237.1,157.1,177.1
22-06-2013,117.2,167.2,137.2,197.2,217.2,317.2,267.2,237.2,157.2,177.2
23-06-2013,117.3,167.3,137.3,197.3,217.3,317.3,267.3,237.3,157.3,177.3
24-06-2013,117.4,167.4,137.4,197.4,217.4,317.4,267.4,237.4,157.4,177.4
25-06-2013,117.5,167.5,137.5,197.5,217.5,317.5,267.5,237.5,157.5,177.5
26-06-2013,117.6,167.6,137.6,197.6,217.6,317.6,267.6,237.6,157.6,177.6
27-06-2013,117.7,167.7,137.7,197.7,217.7,317.7,267.7,237.7,157.7,177.7
28-06-2013,117.8,167.8,137.8,197.8,217.8,317.8,267.8,237.8,157.8,177.8
29-06-2013,117.9,167.9,137.9,197.9,217.9,317.9,267.9,237.9,157.9,177.9
30-06-2013,118,168,138,198,218,318,268,238,158,178
01-07-2013,118.1,168.1,138.1,198.1,218.1,318.1,268.1,238.1,158.1,178.1
02-07-2013,118.2,168.2,138.2,198.2,218.2,318.2,268.2,238.2,158.2,178.2
03-07-2013,118.3,168.3,138.3,198.3,218.3,318.3,268.3,238.3,158.3,178.3
04-07-2013,118.4,168.4,138.4,198.4,218.4,318.4,268.4,238.4,158.4,178.4
05-07-2013,118.5,168.5,138.5,198.5,218.5,318.5,268.5,238.5,158.5,178.5
06-07-2013,118.6,168.6,138.6,198.6,218.6,318.6,268.6,238.6,158.6,178.6
07-07-2013,118.7,168.7,138.7,198.7,218.7,318.7,268.7,238.7,158.7,178.7
08-07-2013,118.8,168.8,138.8,198.8,218.8,318.8,268.8,238.8,158.8,178.8
09-07-2013,118.9,168.9,138.9,198.9,218.9,318.9,268.9,238.9,158.9,178.9
10-07-2013,119,169,139,199,219,319,269,239,159,179
11-07-2013,119.1,169.1,139.1,199.1,219.1,319.1,269.1,239.1,159.1,179.1
12-07-2013,119.2,169.2,139.2,199.2,219.2,319.2,269.2,239.2,159.2,179.2
13-07-2013,119.3,169.3,139.3,199.3,219.3,319.3,269.3,239.3,159.3,179.3
14-07-2013,119.4,169.4,139.4,199.4,219.4,319.4,269.4,239.4,159.4,179.4
15-07-2013,119.5,169.5,139.5,199.5,219.5,319.5,269.5,239.5,159.5,179.5
16-07-2013,119.6,169.6,139.6,199.6,219.6,319.6,269.6,239.6,159.6,179.6
17-07-2013,119.7,169.7,139.7,199.7,219.7,319.7,269.7,239.7,159.7,179.7
18-07-2013,119.8,169.8,139.8,199.8,219.8,319.8,269.8,239.8,159.8,179.8
19-07-2013,119.9,169.9,139.9,199.9,219.9,319.9,269.9,239.9,159.9,179.9
20-07-2013,120,170,140,200,220,320,270,240,160,180
21-07-2013,120.1,170.1,140.1,200.1,220.1,320.1,270.1,240.1,160.1,180.1
22-07-2013,120.2,170.2,140.2,200.2,220.2,320.2,270.2,240.2,160.2,180.2
23-07-2013,120.3,170.3,140.3,200.3,220.3,320.3,270.3,240.3,160.3,180.3
24-07-2013,120.4,170.4,140.4,200.4,220.4,320.4,270.4,240.4,160.4,180.4
25-07-2013,120.5,170.5,140.5,200.5,220.5,320.5,270.5,240.5,160.5,180.5
26-07-2013,120.6,170.6,140.6,200.6,220.6,320.6,270.6,240.6,160.6,180.6
27-07-2013,120.7,170.7,140.7,200.7,220.7,320.7,270.7,240.7,160.7,180.7
28-07-2013,120.8,170.8,140.8,200.8,220.8,320.8,270.8,240.8,160.8,180.8
29-07-2013,120.9,170.9,140.9,200.9,220.9,320.9,270.9,240.9,160.9,180.9
30-07-2013,121,171,141,201,221,321,271,241,161,181
31-07-2013,121.1,171.1,141.1,201.1,221.1,321.1,271.1,241.1,161.1,181.1
01-08-2013,121.2,171.2,141.2,201.2,221.2,321.2,271.2,241.2,161.2,181.2
02-08-2013,121.3,171.3,141.3,201.3,221.3,321.3,271.3,241.3,161.3,181.3
03-08-2013,121.4,171.4,141.4,201.4,221.4,321.4,271.4,241.4,161.4,181.4
04-08-2013,121.5,171.5,141.5,201.5,221.5,321.5,271.5,241.5,161.5,181.5
05-08-2013,121.6,171.6,141.6,201.6,221.6,321.6,271.6,241.6,161.6,181.6
06-08-2013,121.7,171.7,141.7,201.7,221.7,321.7,271.7,241.7,161.7,181.7
07-08-2013,121.8,171.8,141.8,201.8,221.8,321.8,271.8,241.8,161.8,181.8
08-08-2013,121.9,171.9,141.9,201.9,221.9,321.9,271.9,241.9,161.9,181.9
09-08-2013,122,172,142,202,222,322,272,242,162,182
10-08-2013,122.1,172.1,142.1,202.1,222.1,322.1,272.1,242.1,162.1,182.1
11-08-2013,122.2,172.2,142.2,202.2,222.2,322.2,272.2,242.2,162.2,182.2
12-08-2013,122.3,172.3,142.3,202.3,222.3,322.3,272.3,242.3,162.3,182.3
13-08-2013,122.4,172.4,142.4,202.4,222.4,322.4,272.4,242.4,162.4,182.4
14-08-2013,122.5,172.5,142.5,202.5,222.5,322.5,272.5,242.5,162.5,182.5
15-08-2013,122.6,172.6,142.6,202.6,222.6,322.6,272.6,242.6,162.6,182.6
16-08-2013,122.7,172.7,142.7,202.7,222.7,322.7,272.7,242.7,162.7,182.7
17-08-2013,122.8,172.8,142.8,202.8,222.8,322.8,272.8,242.8,162.8,182.8
18-08-2013,122.9,172.9,142.9,202.9,222.9,322.9,272.9,242.9,162.9,182.9
19-08-2013,123,173,143,203,223,323,273,243,163,183
20-08-2013,123.1,173.1,143.1,203.1,223.1,323.1,273.1,243.1,163.1,183.1
21-08-2013,123.2,173.2,143.2,203.2,223.2,323.2,273.2,243.2,163.2,183.2
22-08-2013,123.3,173.3,143.3,203.3,223.3,323.3,273.3,243.3,163.3,183.3
23-08-2013,123.4,173.4,143.4,203.4,223.4,323.4,273.4,243.4,163.4,183.4
24-08-2013,123.5,173.5,143.5,203.5,223.5,323.5,273.5,243.5,163.5,183.5
25-08-2013,123.6,173.6,143.6,203.6,223.6,323.6,273.6,243.6,163.6,183.6
26-08-2013,123.7,173.7,143.7,203.7,223.7,323.7,273.7,243.7,163.7,183.7
27-08-2013,123.8,173.8,143.8,203.8,223.8,323.8,273.8,243.8,163.8,183.8
28-08-2013,123.9,173.9,143.9,203.9,223.9,323.9,273.9,243.9,163.9,183.9
29-08-2013,124,174,144,204,224,324,274,244,164,184
30-08-2013,124.1,174.1,144.1,204.1,224.1,324.1,274.1,244.1,164.1,184.1
31-08-2013,124.2,174.2,144.2,204.2,224.2,324.2,274.2,244.2,164.2,184.2
01-09-2013,124.3,174.3,144.3,204.3,224.3,324.3,274.3,244.3,164.3,184.3
02-09-2013,124.4,174.4,144.4,204.4,224.4,324.4,274.4,244.4,164.4,184.4
03-09-2013,124.5,174.5,144.5,204.5,224.5,324.5,274.5,244.5,164.5,184.5
04-09-2013,124.6,174.6,144.6,204.6,224.6,324.6,274.6,244.6,164.6,184.6
05-09-2013,124.7,174.7,144.7,204.7,224.7,324.7,274.7,244.7,164.7,184.7
06-09-2013,124.8,174.8,144.8,204.8,224.8,324.8,274.8,244.8,164.8,184.8
07-09-2013,124.9,174.9,144.9,204.9,224.9,324.9,274.9,244.9,164.9,184.9
08-09-2013,125,175,145,205,225,325,275,245,165,185
09-09-2013,125.1,175.1,145.1,205.1,225.1,325.1,275.1,245.1,165.1,185.1
10-09-2013,125.2,175.2,145.2,205.2,225.2,325.2,275.2,245.2,165.2,185.2
11-09-2013,125.3,175.3,145.3,205.3,225.3,325.3,275.3,245.3,165.3,185.3
12-09-2013,125.4,175.4,145.4,205.4,225.4,325.4,275.4,245.4,165.4,185.4
13-09-2013,125.5,175.5,145.5,205.5,225.5,325.5,275.5,245.5,165.5,185.5
14-09-2013,125.6,175.6,145.6,205.6,225.6,325.6,275.6,245.6,165.6,185.6
15-09-2013,125.7,175.7,145.7,205.7,225.7,325.7,275.7,245.7,165.7,185.7
16-09-2013,125.8,175.8,145.8,205.8,225.8,325.8,275.8,245.8,165.8,185.8
17-09-2013,125.9,175.9,145.9,205.9,225.9,325.9,275.9,245.9,165.9,185.9
18-09-2013,126,176,146,206,226,326,276,246,166,186
19-09-2013,126.1,176.1,146.1,206.1,226.1,326.1,276.1,246.1,166.1,186.1
20-09-2013,126.2,176.2,146.2,206.2,226.2,326.2,276.2,246.2,166.2,186.2
21-09-2013,126.3,176.3,146.3,206.3,226.3,326.3,276.3,246.3,166.3,186.3
22-09-2013,126.4,176.4,146.4,206.4,226.4,326.4,276.4,246.4,166.4,186.4
23-09-2013,126.5,176.5,146.5,206.5,226.5,326.5,276.5,246.5,166.5,186.5
24-09-2013,126.6,176.6,146.6,206.6,226.6,326.6,276.6,246.6,166.6,186.6
25-09-2013,126.7,176.7,146.7,206.7,226.7,326.7,276.7,246.7,166.7,186.7
26-09-2013,126.8,176.8,146.8,206.8,226.8,326.8,276.8,246.8,166.8,186.8
27-09-2013,126.9,176.9,146.9,206.9,226.9,326.9,276.9,246.9,166.9,186.9
28-09-2013,127,177,147,207,227,327,277,247,167,187
29-09-2013,127.1,177.1,147.1,207.1,227.1,327.1,277.1,247.1,167.1,187.1
30-09-2013,127.2,177.2,147.2,207.2,227.2,327.2,277.2,247.2,167.2,187.2
01-10-2013,127.3,177.3,147.3,207.3,227.3,327.3,277.3,247.3,167.3,187.3
02-10-2013,127.4,177.4,147.4,207.4,227.4,327.4,277.4,247.4,167.4,187.4
03-10-2013,127.5,177.5,147.5,207.5,227.5,327.5,277.5,247.5,167.5,187.5
04-10-2013,127.6,177.6,147.6,207.6,227.6,327.6,277.6,247.6,167.6,187.6
05-10-2013,127.7,177.7,147.7,207.7,227.7,327.7,277.7,247.7,167.7,187.7
06-10-2013,127.8,177.8,147.8,207.8,227.8,327.8,277.8,247.8,167.8,187.8
07-10-2013,127.9,177.9,147.9,207.9,227.9,327.9,277.9,247.9,167.9,187.9
08-10-2013,128,178,148,208,228,328,278,248,168,188
09-10-2013,128.1,178.1,148.1,208.1,228.1,328.1,278.1,248.1,168.1,188.1
10-10-2013,128.2,178.2,148.2,208.2,228.2,328.2,278.2,248.2,168.2,188.2
11-10-2013,128.3,178.3,148.3,208.3,228.3,328.3,278.3,248.3,168.3,188.3
12-10-2013,128.4,178.4,148.4,208.4,228.4,328.4,278.4,248.4,168.4,188.4
13-10-2013,128.5,178.5,148.5,208.5,228.5,328.5,278.5,248.5,168.5,188.5
14-10-2013,128.6,178.6,148.6,208.6,228.6,328.6,278.6,248.6,168.6,188.6
15-10-2013,128.7,178.7,148.7,208.7,228.7,328.7,278.7,248.7,168.7,188.7
16-10-2013,128.8,178.8,148.8,208.8,228.8,328.8,278.8,248.8,168.8,188.8
17-10-2013,128.9,178.9,148.9,208.9,228.9,328.9,278.9,248.9,168.9,188.9
18-10-2013,129,179,149,209,229,329,279,249,169,189
19-10-2013,129.1,179.1,149.1,209.1,229.1,329.1,279.1,249.1,169.1,189.1
20-10-2013,129.2,179.2,149.2,209.2,229.2,329.2,279.2,249.2,169.2,189.2
21-10-2013,129.3,179.3,149.3,209.3,229.3,329.3,279.3,249.3,169.3,189.3
22-10-2013,129.4,179.4,149.4,209.4,229.4,329.4,279.4,249.4,169.4,189.4
23-10-2013,129.5,179.5,149.5,209.5,229.5,329.5,279.5,249.5,169.5,189.5
24-10-2013,129.6,179.6,149.6,209.6,229.6,329.6,279.6,249.6,169.6,189.6
25-10-2013,129.7,179.7,149.7,209.7,229.7,329.7,279.7,249.7,169.7,189.7
26-10-2013,129.8,179.8,149.8,209.8,229.8,329.8,279.8,249.8,169.8,189.8
27-10-2013,129.9,179.9,149.9,209.9,229.9,329.9,279.9,249.9,169.9,189.9
28-10-2013,130,180,150,210,230,330,280,250,170,190
29-10-2013,130.1,180.1,150.1,210.1,230.1,330.1,280.1,250.1,170.1,190.1
30-10-2013,130.2,180.2,150.2,210.2,230.2,330.2,280.2,250.2,170.2,190.2
31-10-2013,130.3,180.3,150.3,210.3,230.3,330.3,280.3,250.3,170.3,190.3
01-11-2013,130.4,180.4,150.4,210.4,230.4,330.4,280.4,250.4,170.4,190.4
02-11-2013,130.5,180.5,150.5,210.5,230.5,330.5,280.5,250.5,170.5,190.5
03-11-2013,130.6,180.6,150.6,210.6,230.6,330.6,280.6,250.6,170.6,190.6
04-11-2013,130.7,180.7,150.7,210.7,230.7,330.7,280.7,250.7,170.7,190.7
05-11-2013,130.8,180.8,150.8,210.8,230.8,330.8,280.8,250.8,170.8,190.8
06-11-2013,130.9,180.9,150.9,210.9,230.9,330.9,280.9,250.9,170.9,190.9
07-11-2013,131,181,151,211,231,331,281,251,171,191
08-11-2013,131.1,181.1,151.1,211.1,231.1,331.1,281.1,251.1,171.1,191.1
09-11-2013,131.2,181.2,151.2,211.2,231.2,331.2,281.2,251.2,171.2,191.2
10-11-2013,131.3,181.3,151.3,211.3,231.3,331.3,281.3,251.3,171.3,191.3
11-11-2013,131.4,181.4,151.4,211.4,231.4,331.4,281.4,251.4,171.4,191.4
12-11-2013,131.5,181.5,151.5,211.5,231.5,331.5,281.5,251.5,171.5,191.5
13-11-2013,131.6,181.6,151.6,211.6,231.6,331.6,281.6,251.6,171.6,191.6
14-11-2013,131.7,181.7,151.7,211.7,231.7,331.7,281.7,251.7,171.7,191.7
15-11-2013,131.8,181.8,151.8,211.8,231.8,331.8,281.8,251.8,171.8,191.8
16-11-2013,131.9,181.9,151.9,211.9,231.9,331.9,281.9,251.9,171.9,191.9
17-11-2013,132,182,152,212,232,332,282,252,172,192
18-11-2013,132.1,182.1,152.1,212.1,232.1,332.1,282.1,252.1,172.1,192.1
19-11-2013,132.2,182.2,152.2,212.2,232.2,332.2,282.2,252.2,172.2,192.2
20-11-2013,132.3,182.3,152.3,212.3,232.3,332.3,282.3,252.3,172.3,192.3
21-11-2013,132.4,182.4,152.4,212.4,232.4,332.4,282.4,252.4,172.4,192.4
22-11-2013,132.5,182.5,152.5,212.5,232.5,332.5,282.5,252.5,172.5,192.5
23-11-2013,132.6,182.6,152.6,212.6,232.6,332.6,282.6,252.6,172.6,192.6
24-11-2013,132.7,182.7,152.7,212.7,232.7,332.7,282.7,252.7,172.7,192.7
25-11-2013,132.8,182.8,152.8,212.8,232.8,332.8,282.8,252.8,172.8,192.8
26-11-2013,132.9,182.9,152.9,212.9,232.9,332.9,282.9,252.9,172.9,192.9
27-11-2013,133,183,153,213,233,333,283,253,173,193
28-11-2013,133.1,183.1,153.1,213.1,233.1,333.1,283.1,253.1,173.1,193.1
29-11-2013,133.2,183.2,153.2,213.2,233.2,333.2,283.2,253.2,173.2,193.2
30-11-2013,133.3,183.3,153.3,213.3,233.3,333.3,283.3,253.3,173.3,193.3
01-12-2013,133.4,183.4,153.4,213.4,233.4,333.4,283.4,253.4,173.4,193.4
02-12-2013,133.5,183.5,153.5,213.5,233.5,333.5,283.5,253.5,173.5,193.5
03-12-2013,133.6,183.6,153.6,213.6,233.6,333.6,283.6,253.6,173.6,193.6
04-12-2013,133.7,183.7,153.7,213.7,233.7,333.7,283.7,253.7,173.7,193.7
05-12-2013,133.8,183.8,153.8,213.8,233.8,333.8,283.8,253.8,173.8,193.8
06-12-2013,133.9,183.9,153.9,213.9,233.9,333.9,283.9,253.9,173.9,193.9
07-12-2013,134,184,154,214,234,334,284,254,174,194
08-12-2013,134.1,184.1,154.1,214.1,234.1,334.1,284.1,254.1,174.1,194.1
09-12-2013,134.2,184.2,154.2,214.2,234.2,334.2,284.2,254.2,174.2,194.2
10-12-2013,134.3,184.3,154.3,214.3,234.3,334.3,284.3,254.3,174.3,194.3
11-12-2013,134.4,184.4,154.4,214.4,234.4,334.4,284.4,254.4,174.4,194.4
12-12-2013,134.5,184.5,154.5,214.5,234.5,334.5,284.5,254.5,174.5,194.5
13-12-2013,134.6,184.6,154.6,214.6,234.6,334.6,284.6,254.6,174.6,194.6
14-12-2013,134.7,184.7,154.7,214.7,234.7,334.7,284.7,254.7,174.7,194.7
15-12-2013,134.8,184.8,154.8,214.8,234.8,334.8,284.8,254.8,174.8,194.8
16-12-2013,134.9,184.9,154.9,214.9,234.9,334.9,284.9,254.9,174.9,194.9
17-12-2013,135,185,155,215,235,335,285,255,175,195
18-12-2013,135.1,185.1,155.1,215.1,235.1,335.1,285.1,255.1,175.1,195.1
19-12-2013,135.2,185.2,155.2,215.2,235.2,335.2,285.2,255.2,175.2,195.2
20-12-2013,135.3,185.3,155.3,215.3,235.3,335.3,285.3,255.3,175.3,195.3
21-12-2013,135.4,185.4,155.4,215.4,235.4,335.4,285.4,255.4,175.4,195.4
22-12-2013,135.5,185.5,155.5,215.5,235.5,335.5,285.5,255.5,175.5,195.5
23-12-2013,135.6,185.6,155.6,215.6,235.6,335.6,285.6,255.6,175.6,195.6
24-12-2013,135.7,185.7,155.7,215.7,235.7,335.7,285.7,255.7,175.7,195.7
25-12-2013,135.8,185.8,155.8,215.8,235.8,335.8,285.8,255.8,175.8,195.8
26-12-2013,135.9,185.9,155.9,215.9,235.9,335.9,285.9,255.9,175.9,195.9
27-12-2013,136,186,156,216,236,336,286,256,176,196
28-12-2013,136.1,186.1,156.1,216.1,236.1,336.1,286.1,256.1,176.1,196.1
29-12-2013,136.2,186.2,156.2,216.2,236.2,336.2,286.2,256.2,176.2,196.2
30-12-2013,136.3,186.3,156.3,216.3,236.3,336.3,286.3,256.3,176.3,196.3
31-12-2013,136.4,186.4,156.4,216.4,236.4,336.4,286.4,256.4,176.4,196.4
01-01-2014,136.5,186.5,156.5,216.5,236.5,336.5,286.5,256.5,176.5,196.5
02-01-2014,136.6,186.6,156.6,216.6,236.6,336.6,286.6,256.6,176.6,196.6
03-01-2014,136.7,186.7,156.7,216.7,236.7,336.7,286.7,256.7,176.7,196.7
04-01-2014,136.8,186.8,156.8,216.8,236.8,336.8,286.8,256.8,176.8,196.8
05-01-2014,136.9,186.9,156.9,216.9,236.9,336.9,286.9,256.9,176.9,196.9
06-01-2014,137,187,157,217,237,337,287,257,177,197
07-01-2014,137.1,187.1,157.1,217.1,237.1,337.1,287.1,257.1,177.1,197.1
08-01-2014,137.2,187.2,157.2,217.2,237.2,337.2,287.2,257.2,177.2,197.2
09-01-2014,137.3,187.3,157.3,217.3,237.3,337.3,287.3,257.3,177.3,197.3
10-01-2014,137.4,187.4,157.4,217.4,237.4,337.4,287.4,257.4,177.4,197.4
11-01-2014,137.5,187.5,157.5,217.5,237.5,337.5,287.5,257.5,177.5,197.5
12-01-2014,137.6,187.6,157.6,217.6,237.6,337.6,287.6,257.6,177.6,197.6
13-01-2014,137.7,187.7,157.7,217.7,237.7,337.7,287.7,257.7,177.7,197.7
14-01-2014,137.8,187.8,157.8,217.8,237.8,337.8,287.8,257.8,177.8,197.8
15-01-2014,137.9,187.9,157.9,217.9,237.9,337.9,287.9,257.9,177.9,197.9
16-01-2014,138,188,158,218,238,338,288,258,178,198
17-01-2014,138.1,188.1,158.1,218.1,238.1,338.1,288.1,258.1,178.1,198.1
18-01-2014,138.2,188.2,158.2,218.2,238.2,338.2,288.2,258.2,178.2,198.2
19-01-2014,138.3,188.3,158.3,218.3,238.3,338.3,288.3,258.3,178.3,198.3
20-01-2014,138.4,188.4,158.4,218.4,238.4,338.4,288.4,258.4,178.4,198.4
21-01-2014,138.5,188.5,158.5,218.5,238.5,338.5,288.5,258.5,178.5,198.5
22-01-2014,138.6,188.6,158.6,218.6,238.6,338.6,288.6,258.6,178.6,198.6
23-01-2014,138.7,188.7,158.7,218.7,238.7,338.7,288.7,258.7,178.7,198.7
24-01-2014,138.8,188.8,158.8,218.8,238.8,338.8,288.8,258.8,178.8,198.8
25-01-2014,138.9,188.9,158.9,218.9,238.9,338.9,288.9,258.9,178.9,198.9
26-01-2014,139,189,159,219,239,339,289,259,179,199
27-01-2014,139.1,189.1,159.1,219.1,239.1,339.1,289.1,259.1,179.1,199.1
28-01-2014,139.2,189.2,159.2,219.2,239.2,339.2,289.2,259.2,179.2,199.2
29-01-2014,139.3,189.3,159.3,219.3,239.3,339.3,289.3,259.3,179.3,199.3
30-01-2014,139.4,189.4,159.4,219.4,239.4,339.4,289.4,259.4,179.4,199.4
31-01-2014,139.5,189.5,159.5,219.5,239.5,339.5,289.5,259.5,179.5,199.5
01-02-2014,139.6,189.6,159.6,219.6,239.6,339.6,289.6,259.6,179.6,199.6
02-02-2014,139.7,189.7,159.7,219.7,239.7,339.7,289.7,259.7,179.7,199.7
03-02-2014,139.8,189.8,159.8,219.8,239.8,339.8,289.8,259.8,179.8,199.8
04-02-2014,139.9,189.9,159.9,219.9,239.9,339.9,289.9,259.9,179.9,199.9
05-02-2014,140,190,160,220,240,340,290,260,180,200
06-02-2014,140.1,190.1,160.1,220.1,240.1,340.1,290.1,260.1,180.1,200.1
07-02-2014,140.2,190.2,160.2,220.2,240.2,340.2,290.2,260.2,180.2,200.2
08-02-2014,140.3,190.3,160.3,220.3,240.3,340.3,290.3,260.3,180.3,200.3
09-02-2014,140.4,190.4,160.4,220.4,240.4,340.4,290.4,260.4,180.4,200.4
10-02-2014,140.5,190.5,160.5,220.5,240.5,340.5,290.5,260.5,180.5,200.5
11-02-2014,140.6,190.6,160.6,220.6,240.6,340.6,290.6,260.6,180.6,200.6
12-02-2014,140.7,190.7,160.7,220.7,240.7,340.7,290.7,260.7,180.7,200.7
13-02-2014,140.8,190.8,160.8,220.8,240.8,340.8,290.8,260.8,180.8,200.8
14-02-2014,140.9,190.9,160.9,220.9,240.9,340.9,290.9,260.9,180.9,200.9
15-02-2014,141,191,161,221,241,341,291,261,181,201
16-02-2014,141.1,191.1,161.1,221.1,241.1,341.1,291.1,261.1,181.1,201.1
17-02-2014,141.2,191.2,161.2,221.2,241.2,341.2,291.2,261.2,181.2,201.2
18-02-2014,141.3,191.3,161.3,221.3,241.3,341.3,291.3,261.3,181.3,201.3
19-02-2014,141.4,191.4,161.4,221.4,241.4,341.4,291.4,261.4,181.4,201.4
20-02-2014,141.5,191.5,161.5,221.5,241.5,341.5,291.5,261.5,181.5,201.5
21-02-2014,141.6,191.6,161.6,221.6,241.6,341.6,291.6,261.6,181.6,201.6
22-02-2014,141.7,191.7,161.7,221.7,241.7,341.7,291.7,261.7,181.7,201.7
23-02-2014,141.8,191.8,161.8,221.8,241.8,341.8,291.8,261.8,181.8,201.8
24-02-2014,141.9,191.9,161.9,221.9,241.9,341.9,291.9,261.9,181.9,201.9
25-02-2014,142,192,162,222,242,342,292,262,182,202
26-02-2014,142.1,192.1,162.1,222.1,242.1,342.1,292.1,262.1,182.1,202.1
27-02-2014,142.2,192.2,162.2,222.2,242.2,342.2,292.2,262.2,182.2,202.2
28-02-2014,142.3,192.3,162.3,222.3,242.3,342.3,292.3,262.3,182.3,202.3
01-03-2014,142.4,192.4,162.4,222.4,242.4,342.4,292.4,262.4,182.4,202.4
02-03-2014,142.5,192.5,162.5,222.5,242.5,342.5,292.5,262.5,182.5,202.5
03-03-2014,142.6,192.6,162.6,222.6,242.6,342.6,292.6,262.6,182.6,202.6
04-03-2014,142.7,192.7,162.7,222.7,242.7,342.7,292.7,262.7,182.7,202.7
05-03-2014,142.8,192.8,162.8,222.8,242.8,342.8,292.8,262.8,182.8,202.8
06-03-2014,142.9,192.9,162.9,222.9,242.9,342.9,292.9,262.9,182.9,202.9
07-03-2014,143,193,163,223,243,343,293,263,183,203
08-03-2014,143.1,193.1,163.1,223.1,243.1,343.1,293.1,263.1,183.1,203.1
09-03-2014,143.2,193.2,163.2,223.2,243.2,343.2,293.2,263.2,183.2,203.2
10-03-2014,143.3,193.3,163.3,223.3,243.3,343.3,293.3,263.3,183.3,203.3
11-03-2014,143.4,193.4,163.4,223.4,243.4,343.4,293.4,263.4,183.4,203.4
12-03-2014,143.5,193.5,163.5,223.5,243.5,343.5,293.5,263.5,183.5,203.5
13-03-2014,143.6,193.6,163.6,223.6,243.6,343.6,293.6,263.6,183.6,203.6
14-03-2014,143.7,193.7,163.7,223.7,243.7,343.7,293.7,263.7,183.7,203.7
15-03-2014,143.8,193.8,163.8,223.8,243.8,343.8,293.8,263.8,183.8,203.8
16-03-2014,143.9,193.9,163.9,223.9,243.9,343.9,293.9,263.9,183.9,203.9
17-03-2014,144,194,164,224,244,344,294,264,184,204
18-03-2014,144.1,194.1,164.1,224.1,244.1,344.1,294.1,264.1,184.1,204.1
19-03-2014,144.2,194.2,164.2,224.2,244.2,344.2,294.2,264.2,184.2,204.2
20-03-2014,144.3,194.3,164.3,224.3,244.3,344.3,294.3,264.3,184.3,204.3
21-03-2014,144.4,194.4,164.4,224.4,244.4,344.4,294.4,264.4,184.4,204.4
22-03-2014,144.5,194.5,164.5,224.5,244.5,344.5,294.5,264.5,184.5,204.5
23-03-2014,144.6,194.6,164.6,224.6,244.6,344.6,294.6,264.6,184.6,204.6
24-03-2014,144.7,194.7,164.7,224.7,244.7,344.7,294.7,264.7,184.7,204.7
25-03-2014,144.8,194.8,164.8,224.8,244.8,344.8,294.8,264.8,184.8,204.8
26-03-2014,144.9,194.9,164.9,224.9,244.9,344.9,294.9,264.9,184.9,204.9
27-03-2014,145,195,165,225,245,345,295,265,185,205
28-03-2014,145.1,195.1,165.1,225.1,245.1,345.1,295.1,265.1,185.1,205.1
29-03-2014,145.2,195.2,165.2,225.2,245.2,345.2,295.2,265.2,185.2,205.2
30-03-2014,145.3,195.3,165.3,225.3,245.3,345.3,295.3,265.3,185.3,205.3
31-03-2014,145.4,195.4,165.4,225.4,245.4,345.4,295.4,265.4,185.4,205.4
01-04-2014,145.5,195.5,165.5,225.5,245.5,345.5,295.5,265.5,185.5,205.5
02-04-2014,145.6,195.6,165.6,225.6,245.6,345.6,295.6,265.6,185.6,205.6
03-04-2014,145.7,195.7,165.7,225.7,245.7,345.7,295.7,265.7,185.7,205.7
04-04-2014,145.8,195.8,165.8,225.8,245.8,345.8,295.8,265.8,185.8,205.8
05-04-2014,145.9,195.9,165.9,225.9,245.9,345.9,295.9,265.9,185.9,205.9
06-04-2014,146,196,166,226,246,346,296,266,186,206
07-04-2014,146.1,196.1,166.1,226.1,246.1,346.1,296.1,266.1,186.1,206.1
08-04-2014,146.2,196.2,166.2,226.2,246.2,346.2,296.2,266.2,186.2,206.2
09-04-2014,146.3,196.3,166.3,226.3,246.3,346.3,296.3,266.3,186.3,206.3
10-04-2014,146.4,196.4,166.4,226.4,246.4,346.4,296.4,266.4,186.4,206.4
11-04-2014,146.5,196.5,166.5,226.5,246.5,346.5,296.5,266.5,186.5,206.5
12-04-2014,146.6,196.6,166.6,226.6,246.6,346.6,296.6,266.6,186.6,206.6
13-04-2014,146.7,196.7,166.7,226.7,246.7,346.7,296.7,266.7,186.7,206.7
14-04-2014,146.8,196.8,166.8,226.8,246.8,346.8,296.8,266.8,186.8,206.8
15-04-2014,146.9,196.9,166.9,226.9,246.9,346.9,296.9,266.9,186.9,206.9
16-04-2014,147,197,167,227,247,347,297,267,187,207
17-04-2014,147.1,197.1,167.1,227.1,247.1,347.1,297.1,267.1,187.1,207.1
18-04-2014,147.2,197.2,167.2,227.2,247.2,347.2,297.2,267.2,187.2,207.2
19-04-2014,147.3,197.3,167.3,227.3,247.3,347.3,297.3,267.3,187.3,207.3
20-04-2014,147.4,197.4,167.4,227.4,247.4,347.4,297.4,267.4,187.4,207.4
21-04-2014,147.5,197.5,167.5,227.5,247.5,347.5,297.5,267.5,187.5,207.5
22-04-2014,147.6,197.6,167.6,227.6,247.6,347.6,297.6,267.6,187.6,207.6
23-04-2014,147.7,197.7,167.7,227.7,247.7,347.7,297.7,267.7,187.7,207.7
24-04-2014,147.8,197.8,167.8,227.8,247.8,347.8,297.8,267.8,187.8,207.8
25-04-2014,147.9,197.9,167.9,227.9,247.9,347.9,297.9,267.9,187.9,207.9
26-04-2014,148,198,168,228,248,348,298,268,188,208
27-04-2014,148.1,198.1,168.1,228.1,248.1,348.1,298.1,268.1,188.1,208.1
28-04-2014,148.2,198.2,168.2,228.2,248.2,348.2,298.2,268.2,188.2,208.2
29-04-2014,148.3,198.3,168.3,228.3,248.3,348.3,298.3,268.3,188.3,208.3
30-04-2014,148.4,198.4,168.4,228.4,248.4,348.4,298.4,268.4,188.4,208.4
01-05-2014,148.5,198.5,168.5,228.5,248.5,348.5,298.5,268.5,188.5,208.5
02-05-2014,148.6,198.6,168.6,228.6,248.6,348.6,298.6,268.6,188.6,208.6
03-05-2014,148.7,198.7,168.7,228.7,248.7,348.7,298.7,268.7,188.7,208.7
04-05-2014,148.8,198.8,168.8,228.8,248.8,348.8,298.8,268.8,188.8,208.8
05-05-2014,148.9,198.9,168.9,228.9,248.9,348.9,298.9,268.9,188.9,208.9
06-05-2014,149,199,169,229,249,349,299,269,189,209
07-05-2014,149.1,199.1,169.1,229.1,249.1,349.1,299.1,269.1,189.1,209.1
08-05-2014,149.2,199.2,169.2,229.2,249.2,349.2,299.2,269.2,189.2,209.2
09-05-2014,149.3,199.3,169.3,229.3,249.3,349.3,299.3,269.3,189.3,209.3
10-05-2014,149.4,199.4,169.4,229.4,249.4,349.4,299.4,269.4,189.4,209.4
11-05-2014,149.5,199.5,169.5,229.5,249.5,349.5,299.5,269.5,189.5,209.5
12-05-2014,149.6,199.6,169.6,229.6,249.6,349.6,299.6,269.6,189.6,209.6
13-05-2014,149.7,199.7,169.7,229.7,249.7,349.7,299.7,269.7,189.7,209.7
14-05-2014,149.8,199.8,169.8,229.8,249.8,349.8,299.8,269.8,189.8,209.8
15-05-2014,149.9,199.9,169.9,229.9,249.9,349.9,299.9,269.9,189.9,209.9
16-05-2014,150,200,170,230,250,350,300,270,190,210
17-05-2014,150.1,200.1,170.1,230.1,250.1,350.1,300.1,270.1,190.1,210.1
18-05-2014,150.2,200.2,170.2,230.2,250.2,350.2,300.2,270.2,190.2,210.2
19-05-2014,150.3,200.3,170.3,230.3,250.3,350.3,300.3,270.3,190.3,210.3
20-05-2014,150.4,200.4,170.4,230.4,250.4,350.4,300.4,270.4,190.4,210.4
21-05-2014,150.5,200.5,170.5,230.5,250.5,350.5,300.5,270.5,190.5,210.5
22-05-2014,150.6,200.6,170.6,230.6,250.6,350.6,300.6,270.6,190.6,210.6
23-05-2014,150.7,200.7,170.7,230.7,250.7,350.7,300.7,270.7,190.7,210.7
24-05-2014,150.8,200.8,170.8,230.8,250.8,350.8,300.8,270.8,190.8,210.8
25-05-2014,150.9,200.9,170.9,230.9,250.9,350.9,300.9,270.9,190.9,210.9
26-05-2014,151,201,171,231,251,351,301,271,191,211
27-05-2014,151.1,201.1,171.1,231.1,251.1,351.1,301.1,271.1,191.1,211.1
28-05-2014,151.2,201.2,171.2,231.2,251.2,351.2,301.2,271.2,191.2,211.2
29-05-2014,151.3,201.3,171.3,231.3,251.3,351.3,301.3,271.3,191.3,211.3
30-05-2014,151.4,201.4,171.4,231.4,251.4,351.4,301.4,271.4,191.4,211.4
31-05-2014,151.5,201.5,171.5,231.5,251.5,351.5,301.5,271.5,191.5,211.5
01-06-2014,151.6,201.6,171.6,231.6,251.6,351.6,301.6,271.6,191.6,211.6
02-06-2014,151.7,201.7,171.7,231.7,251.7,351.7,301.7,271.7,191.7,211.7
03-06-2014,151.8,201.8,171.8,231.8,251.8,351.8,301.8,271.8,191.8,211.8
04-06-2014,151.9,201.9,171.9,231.9,251.9,351.9,301.9,271.9,191.9,211.9
05-06-2014,152,202,172,232,252,352,302,272,192,212
06-06-2014,152.1,202.1,172.1,232.1,252.1,352.1,302.1,272.1,192.1,212.1
07-06-2014,152.2,202.2,172.2,232.2,252.2,352.2,302.2,272.2,192.2,212.2
08-06-2014,152.3,202.3,172.3,232.3,252.3,352.3,302.3,272.3,192.3,212.3
09-06-2014,152.4,202.4,172.4,232.4,252.4,352.4,302.4,272.4,192.4,212.4
10-06-2014,152.5,202.5,172.5,232.5,252.5,352.5,302.5,272.5,192.5,212.5
11-06-2014,152.6,202.6,172.6,232.6,252.6,352.6,302.6,272.6,192.6,212.6
12-06-2014,152.7,202.7,172.7,232.7,252.7,352.7,302.7,272.7,192.7,212.7
13-06-2014,152.8,202.8,172.8,232.8,252.8,352.8,302.8,272.8,192.8,212.8
14-06-2014,152.9,202.9,172.9,232.9,252.9,352.9,302.9,272.9,192.9,212.9
15-06-2014,153,203,173,233,253,353,303,273,193,213
16-06-2014,153.1,203.1,173.1,233.1,253.1,353.1,303.1,273.1,193.1,213.1
17-06-2014,153.2,203.2,173.2,233.2,253.2,353.2,303.2,273.2,193.2,213.2
18-06-2014,153.3,203.3,173.3,233.3,253.3,353.3,303.3,273.3,193.3,213.3
19-06-2014,153.4,203.4,173.4,233.4,253.4,353.4,303.4,273.4,193.4,213.4
20-06-2014,153.5,203.5,173.5,233.5,253.5,353.5,303.5,273.5,193.5,213.5
21-06-2014,153.6,203.6,173.6,233.6,253.6,353.6,303.6,273.6,193.6,213.6
22-06-2014,153.7,203.7,173.7,233.7,253.7,353.7,303.7,273.7,193.7,213.7
23-06-2014,153.8,203.8,173.8,233.8,253.8,353.8,303.8,273.8,193.8,213.8
24-06-2014,153.9,203.9,173.9,233.9,253.9,353.9,303.9,273.9,193.9,213.9
25-06-2014,154,204,174,234,254,354,304,274,194,214
26-06-2014,154.1,204.1,174.1,234.1,254.1,354.1,304.1,274.1,194.1,214.1
27-06-2014,154.2,204.2,174.2,234.2,254.2,354.2,304.2,274.2,194.2,214.2
28-06-2014,154.3,204.3,174.3,234.3,254.3,354.3,304.3,274.3,194.3,214.3
29-06-2014,154.4,204.4,174.4,234.4,254.4,354.4,304.4,274.4,194.4,214.4
30-06-2014,154.5,204.5,174.5,234.5,254.5,354.5,304.5,274.5,194.5,214.5
01-07-2014,154.6,204.6,174.6,234.6,254.6,354.6,304.6,274.6,194.6,214.6
02-07-2014,154.7,204.7,174.7,234.7,254.7,354.7,304.7,274.7,194.7,214.7
03-07-2014,154.8,204.8,174.8,234.8,254.8,354.8,304.8,274.8,194.8,214.8
04-07-2014,154.9,204.9,174.9,234.9,254.9,354.9,304.9,274.9,194.9,214.9
05-07-2014,155,205,175,235,255,355,305,275,195,215
06-07-2014,155.1,205.1,175.1,235.1,255.1,355.1,305.1,275.1,195.1,215.1
07-07-2014,155.2,205.2,175.2,235.2,255.2,355.2,305.2,275.2,195.2,215.2
08-07-2014,155.3,205.3,175.3,235.3,255.3,355.3,305.3,275.3,195.3,215.3
09-07-2014,155.4,205.4,175.4,235.4,255.4,355.4,305.4,275.4,195.4,215.4
10-07-2014,155.5,205.5,175.5,235.5,255.5,355.5,305.5,275.5,195.5,215.5
11-07-2014,155.6,205.6,175.6,235.6,255.6,355.6,305.6,275.6,195.6,215.6
12-07-2014,155.7,205.7,175.7,235.7,255.7,355.7,305.7,275.7,195.7,215.7
13-07-2014,155.8,205.8,175.8,235.8,255.8,355.8,305.8,275.8,195.8,215.8
14-07-2014,155.9,205.9,175.9,235.9,255.9,355.9,305.9,275.9,195.9,215.9
15-07-2014,156,206,176,236,256,356,306,276,196,216
16-07-2014,156.1,206.1,176.1,236.1,256.1,356.1,306.1,276.1,196.1,216.1
17-07-2014,156.2,206.2,176.2,236.2,256.2,356.2,306.2,276.2,196.2,216.2
18-07-2014,156.3,206.3,176.3,236.3,256.3,356.3,306.3,276.3,196.3,216.3
19-07-2014,156.4,206.4,176.4,236.4,256.4,356.4,306.4,276.4,196.4,216.4
20-07-2014,156.5,206.5,176.5,236.5,256.5,356.5,306.5,276.5,196.5,216.5
21-07-2014,156.6,206.6,176.6,236.6,256.6,356.6,306.6,276.6,196.6,216.6
22-07-2014,156.7,206.7,176.7,236.7,256.7,356.7,306.7,276.7,196.7,216.7
23-07-2014,156.8,206.8,176.8,236.8,256.8,356.8,306.8,276.8,196.8,216.8
24-07-2014,156.9,206.9,176.9,236.9,256.9,356.9,306.9,276.9,196.9,216.9
25-07-2014,157,207,177,237,257,357,307,277,197,217
26-07-2014,157.1,207.1,177.1,237.1,257.1,357.1,307.1,277.1,197.1,217.1
27-07-2014,157.2,207.2,177.2,237.2,257.2,357.2,307.2,277.2,197.2,217.2
28-07-2014,157.3,207.3,177.3,237.3,257.3,357.3,307.3,277.3,197.3,217.3
29-07-2014,157.4,207.4,177.4,237.4,257.4,357.4,307.4,277.4,197.4,217.4
30-07-2014,157.5,207.5,177.5,237.5,257.5,357.5,307.5,277.5,197.5,217.5
31-07-2014,157.6,207.6,177.6,237.6,257.6,357.6,307.6,277.6,197.6,217.6
01-08-2014,157.7,207.7,177.7,237.7,257.7,357.7,307.7,277.7,197.7,217.7
02-08-2014,157.8,207.8,177.8,237.8,257.8,357.8,307.8,277.8,197.8,217.8
03-08-2014,157.9,207.9,177.9,237.9,257.9,357.9,307.9,277.9,197.9,217.9
04-08-2014,158,208,178,238,258,358,308,278,198,218
05-08-2014,158.1,208.1,178.1,238.1,258.1,358.1,308.1,278.1,198.1,218.1
06-08-2014,158.2,208.2,178.2,238.2,258.2,358.2,308.2,278.2,198.2,218.2
07-08-2014,158.3,208.3,178.3,238.3,258.3,358.3,308.3,278.3,198.3,218.3
08-08-2014,158.4,208.4,178.4,238.4,258.4,358.4,308.4,278.4,198.4,218.4
09-08-2014,158.5,208.5,178.5,238.5,258.5,358.5,308.5,278.5,198.5,218.5
10-08-2014,158.6,208.6,178.6,238.6,258.6,358.6,308.6,278.6,198.6,218.6
11-08-2014,158.7,208.7,178.7,238.7,258.7,358.7,308.7,278.7,198.7,218.7
12-08-2014,158.8,208.8,178.8,238.8,258.8,358.8,308.8,278.8,198.8,218.8
13-08-2014,158.9,208.9,178.9,238.9,258.9,358.9,308.9,278.9,198.9,218.9
14-08-2014,159,209,179,239,259,359,309,279,199,219
15-08-2014,159.1,209.1,179.1,239.1,259.1,359.1,309.1,279.1,199.1,219.1
16-08-2014,159.2,209.2,179.2,239.2,259.2,359.2,309.2,279.2,199.2,219.2
17-08-2014,159.3,209.3,179.3,239.3,259.3,359.3,309.3,279.3,199.3,219.3
18-08-2014,159.4,209.4,179.4,239.4,259.4,359.4,309.4,279.4,199.4,219.4
19-08-2014,159.5,209.5,179.5,239.5,259.5,359.5,309.5,279.5,199.5,219.5
20-08-2014,159.6,209.6,179.6,239.6,259.6,359.6,309.6,279.6,199.6,219.6
21-08-2014,159.7,209.7,179.7,239.7,259.7,359.7,309.7,279.7,199.7,219.7
22-08-2014,159.8,209.8,179.8,239.8,259.8,359.8,309.8,279.8,199.8,219.8
23-08-2014,159.9,209.9,179.9,239.9,259.9,359.9,309.9,279.9,199.9,219.9
24-08-2014,160,210,180,240,260,360,310,280,200,220
25-08-2014,160.1,210.1,180.1,240.1,260.1,360.1,310.1,280.1,200.1,220.1
26-08-2014,160.2,210.2,180.2,240.2,260.2,360.2,310.2,280.2,200.2,220.2
27-08-2014,160.3,210.3,180.3,240.3,260.3,360.3,310.3,280.3,200.3,220.3
28-08-2014,160.4,210.4,180.4,240.4,260.4,360.4,310.4,280.4,200.4,220.4
29-08-2014,160.5,210.5,180.5,240.5,260.5,360.5,310.5,280.5,200.5,220.5
30-08-2014,160.6,210.6,180.6,240.6,260.6,360.6,310.6,280.6,200.6,220.6
31-08-2014,160.7,210.7,180.7,240.7,260.7,360.7,310.7,280.7,200.7,220.7
01-09-2014,160.8,210.8,180.8,240.8,260.8,360.8,310.8,280.8,200.8,220.8
02-09-2014,160.9,210.9,180.9,240.9,260.9,360.9,310.9,280.9,200.9,220.9
03-09-2014,161,211,181,241,261,361,311,281,201,221
04-09-2014,161.1,211.1,181.1,241.1,261.1,361.1,311.1,281.1,201.1,221.1
05-09-2014,161.2,211.2,181.2,241.2,261.2,361.2,311.2,281.2,201.2,221.2
06-09-2014,161.3,211.3,181.3,241.3,261.3,361.3,311.3,281.3,201.3,221.3
07-09-2014,161.4,211.4,181.4,241.4,261.4,361.4,311.4,281.4,201.4,221.4
08-09-2014,161.5,211.5,181.5,241.5,261.5,361.5,311.5,281.5,201.5,221.5
09-09-2014,161.6,211.6,181.6,241.6,261.6,361.6,311.6,281.6,201.6,221.6
10-09-2014,161.7,211.7,181.7,241.7,261.7,361.7,311.7,281.7,201.7,221.7
11-09-2014,161.8,211.8,181.8,241.8,261.8,361.8,311.8,281.8,201.8,221.8
12-09-2014,161.9,211.9,181.9,241.9,261.9,361.9,311.9,281.9,201.9,221.9
13-09-2014,162,212,182,242,262,362,312,282,202,222
14-09-2014,162.1,212.1,182.1,242.1,262.1,362.1,312.1,282.1,202.1,222.1
15-09-2014,162.2,212.2,182.2,242.2,262.2,362.2,312.2,282.2,202.2,222.2
16-09-2014,162.3,212.3,182.3,242.3,262.3,362.3,312.3,282.3,202.3,222.3
17-09-2014,162.4,212.4,182.4,242.4,262.4,362.4,312.4,282.4,202.4,222.4
18-09-2014,162.5,212.5,182.5,242.5,262.5,362.5,312.5,282.5,202.5,222.5
19-09-2014,162.6,212.6,182.6,242.6,262.6,362.6,312.6,282.6,202.6,222.6
20-09-2014,162.7,212.7,182.7,242.7,262.7,362.7,312.7,282.7,202.7,222.7
21-09-2014,162.8,212.8,182.8,242.8,262.8,362.8,312.8,282.8,202.8,222.8
22-09-2014,162.9,212.9,182.9,242.9,262.9,362.9,312.9,282.9,202.9,222.9
23-09-2014,163,213,183,243,263,363,313,283,203,223
24-09-2014,163.1,213.1,183.1,243.1,263.1,363.1,313.1,283.1,203.1,223.1
25-09-2014,163.2,213.2,183.2,243.2,263.2,363.2,313.2,283.2,203.2,223.2
26-09-2014,163.3,213.3,183.3,243.3,263.3,363.3,313.3,283.3,203.3,223.3
27-09-2014,163.4,213.4,183.4,243.4,263.4,363.4,313.4,283.4,203.4,223.4
28-09-2014,163.5,213.5,183.5,243.5,263.5,363.5,313.5,283.5,203.5,223.5
29-09-2014,163.6,213.6,183.6,243.6,263.6,363.6,313.6,283.6,203.6,223.6
30-09-2014,163.7,213.7,183.7,243.7,263.7,363.7,313.7,283.7,203.7,223.7
01-10-2014,163.8,213.8,183.8,243.8,263.8,363.8,313.8,283.8,203.8,223.8
02-10-2014,163.9,213.9,183.9,243.9,263.9,363.9,313.9,283.9,203.9,223.9
03-10-2014,164,214,184,244,264,364,314,284,204,224
04-10-2014,164.1,214.1,184.1,244.1,264.1,364.1,314.1,284.1,204.1,224.1
05-10-2014,164.2,214.2,184.2,244.2,264.2,364.2,314.2,284.2,204.2,224.2
06-10-2014,164.3,214.3,184.3,244.3,264.3,364.3,314.3,284.3,204.3,224.3
07-10-2014,164.4,214.4,184.4,244.4,264.4,364.4,314.4,284.4,204.4,224.4
08-10-2014,164.5,214.5,184.5,244.5,264.5,364.5,314.5,284.5,204.5,224.5
09-10-2014,164.6,214.6,184.6,244.6,264.6,364.6,314.6,284.6,204.6,224.6
10-10-2014,164.7,214.7,184.7,244.7,264.7,364.7,314.7,284.7,204.7,224.7
11-10-2014,164.8,214.8,184.8,244.8,264.8,364.8,314.8,284.8,204.8,224.8
12-10-2014,164.9,214.9,184.9,244.9,264.9,364.9,314.9,284.9,204.9,224.9
13-10-2014,165,215,185,245,265,365,315,285,205,225
14-10-2014,165.1,215.1,185.1,245.1,265.1,365.1,315.1,285.1,205.1,225.1
15-10-2014,165.2,215.2,185.2,245.2,265.2,365.2,315.2,285.2,205.2,225.2
16-10-2014,165.3,215.3,185.3,245.3,265.3,365.3,315.3,285.3,205.3,225.3
17-10-2014,165.4,215.4,185.4,245.4,265.4,365.4,315.4,285.4,205.4,225.4
18-10-2014,165.5,215.5,185.5,245.5,265.5,365.5,315.5,285.5,205.5,225.5
19-10-2014,165.6,215.6,185.6,245.6,265.6,365.6,315.6,285.6,205.6,225.6
20-10-2014,165.7,215.7,185.7,245.7,265.7,365.7,315.7,285.7,205.7,225.7
21-10-2014,165.8,215.8,185.8,245.8,265.8,365.8,315.8,285.8,205.8,225.8
22-10-2014,165.9,215.9,185.9,245.9,265.9,365.9,315.9,285.9,205.9,225.9
23-10-2014,166,216,186,246,266,366,316,286,206,226
24-10-2014,166.1,216.1,186.1,246.1,266.1,366.1,316.1,286.1,206.1,226.1
25-10-2014,166.2,216.2,186.2,246.2,266.2,366.2,316.2,286.2,206.2,226.2
26-10-2014,166.3,216.3,186.3,246.3,266.3,366.3,316.3,286.3,206.3,226.3
27-10-2014,166.4,216.4,186.4,246.4,266.4,366.4,316.4,286.4,206.4,226.4
28-10-2014,166.5,216.5,186.5,246.5,266.5,366.5,316.5,286.5,206.5,226.5
29-10-2014,166.6,216.6,186.6,246.6,266.6,366.6,316.6,286.6,206.6,226.6
30-10-2014,166.7,216.7,186.7,246.7,266.7,366.7,316.7,286.7,206.7,226.7
31-10-2014,166.8,216.8,186.8,246.8,266.8,366.8,316.8,286.8,206.8,226.8
01-11-2014,166.9,216.9,186.9,246.9,266.9,366.9,316.9,286.9,206.9,226.9
02-11-2014,167,217,187,247,267,367,317,287,207,227
03-11-2014,167.1,217.1,187.1,247.1,267.1,367.1,317.1,287.1,207.1,227.1
04-11-2014,167.2,217.2,187.2,247.2,267.2,367.2,317.2,287.2,207.2,227.2
05-11-2014,167.3,217.3,187.3,247.3,267.3,367.3,317.3,287.3,207.3,227.3
06-11-2014,167.4,217.4,187.4,247.4,267.4,367.4,317.4,287.4,207.4,227.4
07-11-2014,167.5,217.5,187.5,247.5,267.5,367.5,317.5,287.5,207.5,227.5
08-11-2014,167.6,217.6,187.6,247.6,267.6,367.6,317.6,287.6,207.6,227.6
09-11-2014,167.7,217.7,187.7,247.7,267.7,367.7,317.7,287.7,207.7,227.7
10-11-2014,167.8,217.8,187.8,247.8,267.8,367.8,317.8,287.8,207.8,227.8
11-11-2014,167.9,217.9,187.9,247.9,267.9,367.9,317.9,287.9,207.9,227.9
12-11-2014,168,218,188,248,268,368,318,288,208,228
13-11-2014,168.1,218.1,188.1,248.1,268.1,368.1,318.1,288.1,208.1,228.1
14-11-2014,168.2,218.2,188.2,248.2,268.2,368.2,318.2,288.2,208.2,228.2
15-11-2014,168.3,218.3,188.3,248.3,268.3,368.3,318.3,288.3,208.3,228.3
16-11-2014,168.4,218.4,188.4,248.4,268.4,368.4,318.4,288.4,208.4,228.4
17-11-2014,168.5,218.5,188.5,248.5,268.5,368.5,318.5,288.5,208.5,228.5
18-11-2014,168.6,218.6,188.6,248.6,268.6,368.6,318.6,288.6,208.6,228.6
19-11-2014,168.7,218.7,188.7,248.7,268.7,368.7,318.7,288.7,208.7,228.7
20-11-2014,168.8,218.8,188.8,248.8,268.8,368.8,318.8,288.8,208.8,228.8
21-11-2014,168.9,218.9,188.9,248.9,268.9,368.9,318.9,288.9,208.9,228.9
22-11-2014,169,219,189,249,269,369,319,289,209,229
23-11-2014,169.1,219.1,189.1,249.1,269.1,369.1,319.1,289.1,209.1,229.1
24-11-2014,169.2,219.2,189.2,249.2,269.2,369.2,319.2,289.2,209.2,229.2
25-11-2014,169.3,219.3,189.3,249.3,269.3,369.3,319.3,289.3,209.3,229.3
26-11-2014,169.4,219.4,189.4,249.4,269.4,369.4,319.4,289.4,209.4,229.4
27-11-2014,169.5,219.5,189.5,249.5,269.5,369.5,319.5,289.5,209.5,229.5
28-11-2014,169.6,219.6,189.6,249.6,269.6,369.6,319.6,289.6,209.6,229.6
29-11-2014,169.7,219.7,189.7,249.7,269.7,369.7,319.7,289.7,209.7,229.7
30-11-2014,169.8,219.8,189.8,249.8,269.8,369.8,319.8,289.8,209.8,229.8
01-12-2014,169.9,219.9,189.9,249.9,269.9,369.9,319.9,289.9,209.9,229.9
02-12-2014,170,220,190,250,270,370,320,290,210,230
03-12-2014,170.1,220.1,190.1,250.1,270.1,370.1,320.1,290.1,210.1,230.1
04-12-2014,170.2,220.2,190.2,250.2,270.2,370.2,320.2,290.2,210.2,230.2
05-12-2014,170.3,220.3,190.3,250.3,270.3,370.3,320.3,290.3,210.3,230.3
06-12-2014,170.4,220.4,190.4,250.4,270.4,370.4,320.4,290.4,210.4,230.4
07-12-2014,170.5,220.5,190.5,250.5,270.5,370.5,320.5,290.5,210.5,230.5
08-12-2014,170.6,220.6,190.6,250.6,270.6,370.6,320.6,290.6,210.6,230.6
09-12-2014,170.7,220.7,190.7,250.7,270.7,370.7,320.7,290.7,210.7,230.7
10-12-2014,170.8,220.8,190.8,250.8,270.8,370.8,320.8,290.8,210.8,230.8
11-12-2014,170.9,220.9,190.9,250.9,270.9,370.9,320.9,290.9,210.9,230.9
12-12-2014,171,221,191,251,271,371,321,291,211,231
13-12-2014,171.1,221.1,191.1,251.1,271.1,371.1,321.1,291.1,211.1,231.1
14-12-2014,171.2,221.2,191.2,251.2,271.2,371.2,321.2,291.2,211.2,231.2
15-12-2014,171.3,221.3,191.3,251.3,271.3,371.3,321.3,291.3,211.3,231.3
16-12-2014,171.4,221.4,191.4,251.4,271.4,371.4,321.4,291.4,211.4,231.4
17-12-2014,171.5,221.5,191.5,251.5,271.5,371.5,321.5,291.5,211.5,231.5
18-12-2014,171.6,221.6,191.6,251.6,271.6,371.6,321.6,291.6,211.6,231.6
19-12-2014,171.7,221.7,191.7,251.7,271.7,371.7,321.7,291.7,211.7,231.7
20-12-2014,171.8,221.8,191.8,251.8,271.8,371.8,321.8,291.8,211.8,231.8
21-12-2014,171.9,221.9,191.9,251.9,271.9,371.9,321.9,291.9,211.9,231.9
22-12-2014,172,222,192,252,272,372,322,292,212,232
23-12-2014,172.1,222.1,192.1,252.1,272.1,372.1,322.1,292.1,212.1,232.1
24-12-2014,172.2,222.2,192.2,252.2,272.2,372.2,322.2,292.2,212.2,232.2
25-12-2014,172.3,222.3,192.3,252.3,272.3,372.3,322.3,292.3,212.3,232.3
26-12-2014,172.4,222.4,192.4,252.4,272.4,372.4,322.4,292.4,212.4,232.4
27-12-2014,172.5,222.5,192.5,252.5,272.5,372.5,322.5,292.5,212.5,232.5
28-12-2014,172.6,222.6,192.6,252.6,272.6,372.6,322.6,292.6,212.6,232.6
29-12-2014,172.7,222.7,192.7,252.7,272.7,372.7,322.7,292.7,212.7,232.7
30-12-2014,172.8,222.8,192.8,252.8,272.8,372.8,322.8,292.8,212.8,232.8
31-12-2014,172.9,222.9,192.9,252.9,272.9,372.9,322.9,292.9,212.9,232.9
01-01-2015,173,223,193,253,273,373,323,293,213,233
02-01-2015,173.1,223.1,193.1,253.1,273.1,373.1,323.1,293.1,213.1,233.1
03-01-2015,173.2,223.2,193.2,253.2,273.2,373.2,323.2,293.2,213.2,233.2
04-01-2015,173.3,223.3,193.3,253.3,273.3,373.3,323.3,293.3,213.3,233.3
05-01-2015,173.4,223.4,193.4,253.4,273.4,373.4,323.4,293.4,213.4,233.4
06-01-2015,173.5,223.5,193.5,253.5,273.5,373.5,323.5,293.5,213.5,233.5
07-01-2015,173.6,223.6,193.6,253.6,273.6,373.6,323.6,293.6,213.6,233.6
08-01-2015,173.7,223.7,193.7,253.7,273.7,373.7,323.7,293.7,213.7,233.7
09-01-2015,173.8,223.8,193.8,253.8,273.8,373.8,323.8,293.8,213.8,233.8
10-01-2015,173.9,223.9,193.9,253.9,273.9,373.9,323.9,293.9,213.9,233.9
11-01-2015,174,224,194,254,274,374,324,294,214,234
12-01-2015,174.1,224.1,194.1,254.1,274.1,374.1,324.1,294.1,214.1,234.1
13-01-2015,174.2,224.2,194.2,254.2,274.2,374.2,324.2,294.2,214.2,234.2
14-01-2015,174.3,224.3,194.3,254.3,274.3,374.3,324.3,294.3,214.3,234.3
15-01-2015,174.4,224.4,194.4,254.4,274.4,374.4,324.4,294.4,214.4,234.4
16-01-2015,174.5,224.5,194.5,254.5,274.5,374.5,324.5,294.5,214.5,234.5
17-01-2015,174.6,224.6,194.6,254.6,274.6,374.6,324.6,294.6,214.6,234.6
18-01-2015,174.7,224.7,194.7,254.7,274.7,374.7,324.7,294.7,214.7,234.7
19-01-2015,174.8,224.8,194.8,254.8,274.8,374.8,324.8,294.8,214.8,234.8
20-01-2015,174.9,224.9,194.9,254.9,274.9,374.9,324.9,294.9,214.9,234.9
21-01-2015,175,225,195,255,275,375,325,295,215,235
22-01-2015,175.1,225.1,195.1,255.1,275.1,375.1,325.1,295.1,215.1,235.1
23-01-2015,175.2,225.2,195.2,255.2,275.2,375.2,325.2,295.2,215.2,235.2
24-01-2015,175.3,225.3,195.3,255.3,275.3,375.3,325.3,295.3,215.3,235.3
25-01-2015,175.4,225.4,195.4,255.4,275.4,375.4,325.4,295.4,215.4,235.4
26-01-2015,175.5,225.5,195.5,255.5,275.5,375.5,325.5,295.5,215.5,235.5
27-01-2015,175.6,225.6,195.6,255.6,275.6,375.6,325.6,295.6,215.6,235.6
28-01-2015,175.7,225.7,195.7,255.7,275.7,375.7,325.7,295.7,215.7,235.7
29-01-2015,175.8,225.8,195.8,255.8,275.8,375.8,325.8,295.8,215.8,235.8
30-01-2015,175.9,225.9,195.9,255.9,275.9,375.9,325.9,295.9,215.9,235.9
31-01-2015,176,226,196,256,276,376,326,296,216,236
01-02-2015,176.1,226.1,196.1,256.1,276.1,376.1,326.1,296.1,216.1,236.1
02-02-2015,176.2,226.2,196.2,256.2,276.2,376.2,326.2,296.2,216.2,236.2
03-02-2015,176.3,226.3,196.3,256.3,276.3,376.3,326.3,296.3,216.3,236.3
04-02-2015,176.4,226.4,196.4,256.4,276.4,376.4,326.4,296.4,216.4,236.4
05-02-2015,176.5,226.5,196.5,256.5,276.5,376.5,326.5,296.5,216.5,236.5
06-02-2015,176.6,226.6,196.6,256.6,276.6,376.6,326.6,296.6,216.6,236.6
07-02-2015,176.7,226.7,196.7,256.7,276.7,376.7,326.7,296.7,216.7,236.7
08-02-2015,176.8,226.8,196.8,256.8,276.8,376.8,326.8,296.8,216.8,236.8
09-02-2015,176.9,226.9,196.9,256.9,276.9,376.9,326.9,296.9,216.9,236.9
10-02-2015,177,227,197,257,277,377,327,297,217,237
11-02-2015,177.1,227.1,197.1,257.1,277.1,377.1,327.1,297.1,217.1,237.1
12-02-2015,177.2,227.2,197.2,257.2,277.2,377.2,327.2,297.2,217.2,237.2
13-02-2015,177.3,227.3,197.3,257.3,277.3,377.3,327.3,297.3,217.3,237.3
14-02-2015,177.4,227.4,197.4,257.4,277.4,377.4,327.4,297.4,217.4,237.4
15-02-2015,177.5,227.5,197.5,257.5,277.5,377.5,327.5,297.5,217.5,237.5
16-02-2015,177.6,227.6,197.6,257.6,277.6,377.6,327.6,297.6,217.6,237.6
17-02-2015,177.7,227.7,197.7,257.7,277.7,377.7,327.7,297.7,217.7,237.7
18-02-2015,177.8,227.8,197.8,257.8,277.8,377.8,327.8,297.8,217.8,237.8
19-02-2015,177.9,227.9,197.9,257.9,277.9,377.9,327.9,297.9,217.9,237.9
20-02-2015,178,228,198,258,278,378,328,298,218,238
21-02-2015,178.1,228.1,198.1,258.1,278.1,378.1,328.1,298.1,218.1,238.1
22-02-2015,178.2,228.2,198.2,258.2,278.2,378.2,328.2,298.2,218.2,238.2
23-02-2015,178.3,228.3,198.3,258.3,278.3,378.3,328.3,298.3,218.3,238.3
24-02-2015,178.4,228.4,198.4,258.4,278.4,378.4,328.4,298.4,218.4,238.4
25-02-2015,178.5,228.5,198.5,258.5,278.5,378.5,328.5,298.5,218.5,238.5
26-02-2015,178.6,228.6,198.6,258.6,278.6,378.6,328.6,298.6,218.6,238.6
27-02-2015,178.7,228.7,198.7,258.7,278.7,378.7,328.7,298.7,218.7,238.7
28-02-2015,178.8,228.8,198.8,258.8,278.8,378.8,328.8,298.8,218.8,238.8
01-03-2015,178.9,228.9,198.9,258.9,278.9,378.9,328.9,298.9,218.9,238.9
02-03-2015,179,229,199,259,279,379,329,299,219,239
03-03-2015,179.1,229.1,199.1,259.1,279.1,379.1,329.1,299.1,219.1,239.1
04-03-2015,179.2,229.2,199.2,259.2,279.2,379.2,329.2,299.2,219.2,239.2
05-03-2015,179.3,229.3,199.3,259.3,279.3,379.3,329.3,299.3,219.3,239.3
06-03-2015,179.4,229.4,199.4,259.4,279.4,379.4,329.4,299.4,219.4,239.4
07-03-2015,179.5,229.5,199.5,259.5,279.5,379.5,329.5,299.5,219.5,239.5
08-03-2015,179.6,229.6,199.6,259.6,279.6,379.6,329.6,299.6,219.6,239.6
09-03-2015,179.7,229.7,199.7,259.7,279.7,379.7,329.7,299.7,219.7,239.7
10-03-2015,179.8,229.8,199.8,259.8,279.8,379.8,329.8,299.8,219.8,239.8
11-03-2015,179.9,229.9,199.9,259.9,279.9,379.9,329.9,299.9,219.9,239.9
12-03-2015,180,230,200,260,280,380,330,300,220,240
13-03-2015,180.1,230.1,200.1,260.1,280.1,380.1,330.1,300.1,220.1,240.1
14-03-2015,180.2,230.2,200.2,260.2,280.2,380.2,330.2,300.2,220.2,240.2
15-03-2015,180.3,230.3,200.3,260.3,280.3,380.3,330.3,300.3,220.3,240.3
16-03-2015,180.4,230.4,200.4,260.4,280.4,380.4,330.4,300.4,220.4,240.4
17-03-2015,180.5,230.5,200.5,260.5,280.5,380.5,330.5,300.5,220.5,240.5
18-03-2015,180.6,230.6,200.6,260.6,280.6,380.6,330.6,300.6,220.6,240.6
19-03-2015,180.7,230.7,200.7,260.7,280.7,380.7,330.7,300.7,220.7,240.7
20-03-2015,180.8,230.8,200.8,260.8,280.8,380.8,330.8,300.8,220.8,240.8
21-03-2015,180.9,230.9,200.9,260.9,280.9,380.9,330.9,300.9,220.9,240.9
22-03-2015,181,231,201,261,281,381,331,301,221,241
23-03-2015,181.1,231.1,201.1,261.1,281.1,381.1,331.1,301.1,221.1,241.1
24-03-2015,181.2,231.2,201.2,261.2,281.2,381.2,331.2,301.2,221.2,241.2
25-03-2015,181.3,231.3,201.3,261.3,281.3,381.3,331.3,301.3,221.3,241.3
26-03-2015,181.4,231.4,201.4,261.4,281.4,381.4,331.4,301.4,221.4,241.4
27-03-2015,181.5,231.5,201.5,261.5,281.5,381.5,331.5,301.5,221.5,241.5
28-03-2015,181.6,231.6,201.6,261.6,281.6,381.6,331.6,301.6,221.6,241.6
29-03-2015,181.7,231.7,201.7,261.7,281.7,381.7,331.7,301.7,221.7,241.7
30-03-2015,181.8,231.8,201.8,261.8,281.8,381.8,331.8,301.8,221.8,241.8
31-03-2015,181.9,231.9,201.9,261.9,281.9,381.9,331.9,301.9,221.9,241.9
01-04-2015,182,232,202,262,282,382,332,302,222,242
02-04-2015,182.1,232.1,202.1,262.1,282.1,382.1,332.1,302.1,222.1,242.1
03-04-2015,182.2,232.2,202.2,262.2,282.2,382.2,332.2,302.2,222.2,242.2
04-04-2015,182.3,232.3,202.3,262.3,282.3,382.3,332.3,302.3,222.3,242.3
05-04-2015,182.4,232.4,202.4,262.4,282.4,382.4,332.4,302.4,222.4,242.4
06-04-2015,182.5,232.5,202.5,262.5,282.5,382.5,332.5,302.5,222.5,242.5
07-04-2015,182.6,232.6,202.6,262.6,282.6,382.6,332.6,302.6,222.6,242.6
08-04-2015,182.7,232.7,202.7,262.7,282.7,382.7,332.7,302.7,222.7,242.7
09-04-2015,182.8,232.8,202.8,262.8,282.8,382.8,332.8,302.8,222.8,242.8
10-04-2015,182.9,232.9,202.9,262.9,282.9,382.9,332.9,302.9,222.9,242.9
11-04-2015,183,233,203,263,283,383,333,303,223,243
12-04-2015,183.1,233.1,203.1,263.1,283.1,383.1,333.1,303.1,223.1,243.1
13-04-2015,183.2,233.2,203.2,263.2,283.2,383.2,333.2,303.2,223.2,243.2
14-04-2015,183.3,233.3,203.3,263.3,283.3,383.3,333.3,303.3,223.3,243.3
15-04-2015,183.4,233.4,203.4,263.4,283.4,383.4,333.4,303.4,223.4,243.4
16-04-2015,183.5,233.5,203.5,263.5,283.5,383.5,333.5,303.5,223.5,243.5
17-04-2015,183.6,233.6,203.6,263.6,283.6,383.6,333.6,303.6,223.6,243.6
18-04-2015,183.7,233.7,203.7,263.7,283.7,383.7,333.7,303.7,223.7,243.7
19-04-2015,183.8,233.8,203.8,263.8,283.8,383.8,333.8,303.8,223.8,243.8
20-04-2015,183.9,233.9,203.9,263.9,283.9,383.9,333.9,303.9,223.9,243.9
21-04-2015,184,234,204,264,284,384,334,304,224,244
22-04-2015,184.1,234.1,204.1,264.1,284.1,384.1,334.1,304.1,224.1,244.1
23-04-2015,184.2,234.2,204.2,264.2,284.2,384.2,334.2,304.2,224.2,244.2
24-04-2015,184.3,234.3,204.3,264.3,284.3,384.3,334.3,304.3,224.3,244.3
25-04-2015,184.4,234.4,204.4,264.4,284.4,384.4,334.4,304.4,224.4,244.4
26-04-2015,184.5,234.5,204.5,264.5,284.5,384.5,334.5,304.5,224.5,244.5
27-04-2015,184.6,234.6,204.6,264.6,284.6,384.6,334.6,304.6,224.6,244.6
28-04-2015,184.7,234.7,204.7,264.7,284.7,384.7,334.7,304.7,224.7,244.7
29-04-2015,184.8,234.8,204.8,264.8,284.8,384.8,334.8,304.8,224.8,244.8
30-04-2015,184.9,234.9,204.9,264.9,284.9,384.9,334.9,304.9,224.9,244.9
01-05-2015,185,235,205,265,285,385,335,305,225,245
02-05-2015,185.1,235.1,205.1,265.1,285.1,385.1,335.1,305.1,225.1,245.1
03-05-2015,185.2,235.2,205.2,265.2,285.2,385.2,335.2,305.2,225.2,245.2
04-05-2015,185.3,235.3,205.3,265.3,285.3,385.3,335.3,305.3,225.3,245.3
05-05-2015,185.4,235.4,205.4,265.4,285.4,385.4,335.4,305.4,225.4,245.4
06-05-2015,185.5,235.5,205.5,265.5,285.5,385.5,335.5,305.5,225.5,245.5
07-05-2015,185.6,235.6,205.6,265.6,285.6,385.6,335.6,305.6,225.6,245.6
08-05-2015,185.7,235.7,205.7,265.7,285.7,385.7,335.7,305.7,225.7,245.7
09-05-2015,185.8,235.8,205.8,265.8,285.8,385.8,335.8,305.8,225.8,245.8
10-05-2015,185.9,235.9,205.9,265.9,285.9,385.9,335.9,305.9,225.9,245.9
11-05-2015,186,236,206,266,286,386,336,306,226,246
12-05-2015,186.1,236.1,206.1,266.1,286.1,386.1,336.1,306.1,226.1,246.1
13-05-2015,186.2,236.2,206.2,266.2,286.2,386.2,336.2,306.2,226.2,246.2
14-05-2015,186.3,236.3,206.3,266.3,286.3,386.3,336.3,306.3,226.3,246.3
15-05-2015,186.4,236.4,206.4,266.4,286.4,386.4,336.4,306.4,226.4,246.4
16-05-2015,186.5,236.5,206.5,266.5,286.5,386.5,336.5,306.5,226.5,246.5
17-05-2015,186.6,236.6,206.6,266.6,286.6,386.6,336.6,306.6,226.6,246.6
18-05-2015,186.7,236.7,206.7,266.7,286.7,386.7,336.7,306.7,226.7,246.7
19-05-2015,186.8,236.8,206.8,266.8,286.8,386.8,336.8,306.8,226.8,246.8
20-05-2015,186.9,236.9,206.9,266.9,286.9,386.9,336.9,306.9,226.9,246.9
21-05-2015,187,237,207,267,287,387,337,307,227,247
22-05-2015,187.1,237.1,207.1,267.1,287.1,387.1,337.1,307.1,227.1,247.1
23-05-2015,187.2,237.2,207.2,267.2,287.2,387.2,337.2,307.2,227.2,247.2
24-05-2015,187.3,237.3,207.3,267.3,287.3,387.3,337.3,307.3,227.3,247.3
25-05-2015,187.4,237.4,207.4,267.4,287.4,387.4,337.4,307.4,227.4,247.4
26-05-2015,187.5,237.5,207.5,267.5,287.5,387.5,337.5,307.5,227.5,247.5
27-05-2015,187.6,237.6,207.6,267.6,287.6,387.6,337.6,307.6,227.6,247.6
28-05-2015,187.7,237.7,207.7,267.7,287.7,387.7,337.7,307.7,227.7,247.7
29-05-2015,187.8,237.8,207.8,267.8,287.8,387.8,337.8,307.8,227.8,247.8
30-05-2015,187.9,237.9,207.9,267.9,287.9,387.9,337.9,307.9,227.9,247.9
31-05-2015,188,238,208,268,288,388,338,308,228,248
01-06-2015,188.1,238.1,208.1,268.1,288.1,388.1,338.1,308.1,228.1,248.1
02-06-2015,188.2,238.2,208.2,268.2,288.2,388.2,338.2,308.2,228.2,248.2
03-06-2015,188.3,238.3,208.3,268.3,288.3,388.3,338.3,308.3,228.3,248.3
04-06-2015,188.4,238.4,208.4,268.4,288.4,388.4,338.4,308.4,228.4,248.4
05-06-2015,188.5,238.5,208.5,268.5,288.5,388.5,338.5,308.5,228.5,248.5
06-06-2015,188.6,238.6,208.6,268.6,288.6,388.6,338.6,308.6,228.6,248.6
07-06-2015,188.7,238.7,208.7,268.7,288.7,388.7,338.7,308.7,228.7,248.7
08-06-2015,188.8,238.8,208.8,268.8,288.8,388.8,338.8,308.8,228.8,248.8
09-06-2015,188.9,238.9,208.9,268.9,288.9,388.9,338.9,308.9,228.9,248.9
10-06-2015,189,239,209,269,289,389,339,309,229,249
11-06-2015,189.1,239.1,209.1,269.1,289.1,389.1,339.1,309.1,229.1,249.1
12-06-2015,189.2,239.2,209.2,269.2,289.2,389.2,339.2,309.2,229.2,249.2
13-06-2015,189.3,239.3,209.3,269.3,289.3,389.3,339.3,309.3,229.3,249.3
14-06-2015,189.4,239.4,209.4,269.4,289.4,389.4,339.4,309.4,229.4,249.4
15-06-2015,189.5,239.5,209.5,269.5,289.5,389.5,339.5,309.5,229.5,249.5
16-06-2015,189.6,239.6,209.6,269.6,289.6,389.6,339.6,309.6,229.6,249.6
17-06-2015,189.7,239.7,209.7,269.7,289.7,389.7,339.7,309.7,229.7,249.7
18-06-2015,189.8,239.8,209.8,269.8,289.8,389.8,339.8,309.8,229.8,249.8
19-06-2015,189.9,239.9,209.9,269.9,289.9,389.9,339.9,309.9,229.9,249.9
20-06-2015,190,240,210,270,290,390,340,310,230,250
21-06-2015,190.1,240.1,210.1,270.1,290.1,390.1,340.1,310.1,230.1,250.1
22-06-2015,190.2,240.2,210.2,270.2,290.2,390.2,340.2,310.2,230.2,250.2
23-06-2015,190.3,240.3,210.3,270.3,290.3,390.3,340.3,310.3,230.3,250.3
24-06-2015,190.4,240.4,210.4,270.4,290.4,390.4,340.4,310.4,230.4,250.4
25-06-2015,190.5,240.5,210.5,270.5,290.5,390.5,340.5,310.5,230.5,250.5
26-06-2015,190.6,240.6,210.6,270.6,290.6,390.6,340.6,310.6,230.6,250.6
27-06-2015,190.7,240.7,210.7,270.7,290.7,390.7,340.7,310.7,230.7,250.7
28-06-2015,190.8,240.8,210.8,270.8,290.8,390.8,340.8,310.8,230.8,250.8
29-06-2015,190.9,240.9,210.9,270.9,290.9,390.9,340.9,310.9,230.9,250.9
30-06-2015,191,241,211,271,291,391,341,311,231,251
01-07-2015,191.1,241.1,211.1,271.1,291.1,391.1,341.1,311.1,231.1,251.1
02-07-2015,191.2,241.2,211.2,271.2,291.2,391.2,341.2,311.2,231.2,251.2
03-07-2015,191.3,241.3,211.3,271.3,291.3,391.3,341.3,311.3,231.3,251.3
04-07-2015,191.4,241.4,211.4,271.4,291.4,391.4,341.4,311.4,231.4,251.4
05-07-2015,191.5,241.5,211.5,271.5,291.5,391.5,341.5,311.5,231.5,251.5
06-07-2015,191.6,241.6,211.6,271.6,291.6,391.6,341.6,311.6,231.6,251.6
07-07-2015,191.7,241.7,211.7,271.7,291.7,391.7,341.7,311.7,231.7,251.7
08-07-2015,191.8,241.8,211.8,271.8,291.8,391.8,341.8,311.8,231.8,251.8
09-07-2015,191.9,241.9,211.9,271.9,291.9,391.9,341.9,311.9,231.9,251.9
10-07-2015,192,242,212,272,292,392,342,312,232,252
11-07-2015,192.1,242.1,212.1,272.1,292.1,392.1,342.1,312.1,232.1,252.1
12-07-2015,192.2,242.2,212.2,272.2,292.2,392.2,342.2,312.2,232.2,252.2
13-07-2015,192.3,242.3,212.3,272.3,292.3,392.3,342.3,312.3,232.3,252.3
14-07-2015,192.4,242.4,212.4,272.4,292.4,392.4,342.4,312.4,232.4,252.4
15-07-2015,192.5,242.5,212.5,272.5,292.5,392.5,342.5,312.5,232.5,252.5
16-07-2015,192.6,242.6,212.6,272.6,292.6,392.6,342.6,312.6,232.6,252.6
17-07-2015,192.7,242.7,212.7,272.7,292.7,392.7,342.7,312.7,232.7,252.7
18-07-2015,192.8,242.8,212.8,272.8,292.8,392.8,342.8,312.8,232.8,252.8
19-07-2015,192.9,242.9,212.9,272.9,292.9,392.9,342.9,312.9,232.9,252.9
20-07-2015,193,243,213,273,293,393,343,313,233,253
21-07-2015,193.1,243.1,213.1,273.1,293.1,393.1,343.1,313.1,233.1,253.1
22-07-2015,193.2,243.2,213.2,273.2,293.2,393.2,343.2,313.2,233.2,253.2
23-07-2015,193.3,243.3,213.3,273.3,293.3,393.3,343.3,313.3,233.3,253.3
24-07-2015,193.4,243.4,213.4,273.4,293.4,393.4,343.4,313.4,233.4,253.4
25-07-2015,193.5,243.5,213.5,273.5,293.5,393.5,343.5,313.5,233.5,253.5
26-07-2015,193.6,243.6,213.6,273.6,293.6,393.6,343.6,313.6,233.6,253.6
27-07-2015,193.7,243.7,213.7,273.7,293.7,393.7,343.7,313.7,233.7,253.7
28-07-2015,193.8,243.8,213.8,273.8,293.8,393.8,343.8,313.8,233.8,253.8
29-07-2015,193.9,243.9,213.9,273.9,293.9,393.9,343.9,313.9,233.9,253.9
30-07-2015,194,244,214,274,294,394,344,314,234,254
31-07-2015,194.1,244.1,214.1,274.1,294.1,394.1,344.1,314.1,234.1,254.1
01-08-2015,194.2,244.2,214.2,274.2,294.2,394.2,344.2,314.2,234.2,254.2
02-08-2015,194.3,244.3,214.3,274.3,294.3,394.3,344.3,314.3,234.3,254.3
03-08-2015,194.4,244.4,214.4,274.4,294.4,394.4,344.4,314.4,234.4,254.4
04-08-2015,194.5,244.5,214.5,274.5,294.5,394.5,344.5,314.5,234.5,254.5
05-08-2015,194.6,244.6,214.6,274.6,294.6,394.6,344.6,314.6,234.6,254.6
06-08-2015,194.7,244.7,214.7,274.7,294.7,394.7,344.7,314.7,234.7,254.7
07-08-2015,194.8,244.8,214.8,274.8,294.8,394.8,344.8,314.8,234.8,254.8
08-08-2015,194.9,244.9,214.9,274.9,294.9,394.9,344.9,314.9,234.9,254.9
09-08-2015,195,245,215,275,295,395,345,315,235,255
10-08-2015,195.1,245.1,215.1,275.1,295.1,395.1,345.1,315.1,235.1,255.1
11-08-2015,195.2,245.2,215.2,275.2,295.2,395.2,345.2,315.2,235.2,255.2
12-08-2015,195.3,245.3,215.3,275.3,295.3,395.3,345.3,315.3,235.3,255.3
13-08-2015,195.4,245.4,215.4,275.4,295.4,395.4,345.4,315.4,235.4,255.4
14-08-2015,195.5,245.5,215.5,275.5,295.5,395.5,345.5,315.5,235.5,255.5
15-08-2015,195.6,245.6,215.6,275.6,295.6,395.6,345.6,315.6,235.6,255.6
16-08-2015,195.7,245.7,215.7,275.7,295.7,395.7,345.7,315.7,235.7,255.7
17-08-2015,195.8,245.8,215.8,275.8,295.8,395.8,345.8,315.8,235.8,255.8
18-08-2015,195.9,245.9,215.9,275.9,295.9,395.9,345.9,315.9,235.9,255.9
19-08-2015,196,246,216,276,296,396,346,316,236,256
20-08-2015,196.1,246.1,216.1,276.1,296.1,396.1,346.1,316.1,236.1,256.1
21-08-2015,196.2,246.2,216.2,276.2,296.2,396.2,346.2,316.2,236.2,256.2
22-08-2015,196.3,246.3,216.3,276.3,296.3,396.3,346.3,316.3,236.3,256.3
23-08-2015,196.4,246.4,216.4,276.4,296.4,396.4,346.4,316.4,236.4,256.4
24-08-2015,196.5,246.5,216.5,276.5,296.5,396.5,346.5,316.5,236.5,256.5
25-08-2015,196.6,246.6,216.6,276.6,296.6,396.6,346.6,316.6,236.6,256.6
26-08-2015,196.7,246.7,216.7,276.7,296.7,396.7,346.7,316.7,236.7,256.7
27-08-2015,196.8,246.8,216.8,276.8,296.8,396.8,346.8,316.8,236.8,256.8
28-08-2015,196.9,246.9,216.9,276.9,296.9,396.9,346.9,316.9,236.9,256.9
29-08-2015,197,247,217,277,297,397,347,317,237,257
30-08-2015,197.1,247.1,217.1,277.1,297.1,397.1,347.1,317.1,237.1,257.1
31-08-2015,197.2,247.2,217.2,277.2,297.2,397.2,347.2,317.2,237.2,257.2
01-09-2015,197.3,247.3,217.3,277.3,297.3,397.3,347.3,317.3,237.3,257.3
02-09-2015,197.4,247.4,217.4,277.4,297.4,397.4,347.4,317.4,237.4,257.4
03-09-2015,197.5,247.5,217.5,277.5,297.5,397.5,347.5,317.5,237.5,257.5
04-09-2015,197.6,247.6,217.6,277.6,297.6,397.6,347.6,317.6,237.6,257.6
05-09-2015,197.7,247.7,217.7,277.7,297.7,397.7,347.7,317.7,237.7,257.7
06-09-2015,197.8,247.8,217.8,277.8,297.8,397.8,347.8,317.8,237.8,257.8
07-09-2015,197.9,247.9,217.9,277.9,297.9,397.9,347.9,317.9,237.9,257.9
08-09-2015,198,248,218,278,298,398,348,318,238,258
09-09-2015,198.1,248.1,218.1,278.1,298.1,398.1,348.1,318.1,238.1,258.1
10-09-2015,198.2,248.2,218.2,278.2,298.2,398.2,348.2,318.2,238.2,258.2
11-09-2015,198.3,248.3,218.3,278.3,298.3,398.3,348.3,318.3,238.3,258.3
12-09-2015,198.4,248.4,218.4,278.4,298.4,398.4,348.4,318.4,238.4,258.4
13-09-2015,198.5,248.5,218.5,278.5,298.5,398.5,348.5,318.5,238.5,258.5
14-09-2015,198.6,248.6,218.6,278.6,298.6,398.6,348.6,318.6,238.6,258.6
15-09-2015,198.7,248.7,218.7,278.7,298.7,398.7,348.7,318.7,238.7,258.7
16-09-2015,198.8,248.8,218.8,278.8,298.8,398.8,348.8,318.8,238.8,258.8
17-09-2015,198.9,248.9,218.9,278.9,298.9,398.9,348.9,318.9,238.9,258.9
18-09-2015,199,249,219,279,299,399,349,319,239,259
19-09-2015,199.1,249.1,219.1,279.1,299.1,399.1,349.1,319.1,239.1,259.1
20-09-2015,199.2,249.2,219.2,279.2,299.2,399.2,349.2,319.2,239.2,259.2
21-09-2015,199.3,249.3,219.3,279.3,299.3,399.3,349.3,319.3,239.3,259.3
22-09-2015,199.4,249.4,219.4,279.4,299.4,399.4,349.4,319.4,239.4,259.4
23-09-2015,199.5,249.5,219.5,279.5,299.5,399.5,349.5,319.5,239.5,259.5
24-09-2015,199.6,249.6,219.6,279.6,299.6,399.6,349.6,319.6,239.6,259.6
25-09-2015,199.7,249.7,219.7,279.7,299.7,399.7,349.7,319.7,239.7,259.7
26-09-2015,199.8,249.8,219.8,279.8,299.8,399.8,349.8,319.8,239.8,259.8
27-09-2015,199.9,249.9,219.9,279.9,299.9,399.9,349.9,319.9,239.9,259.9
